match_id,team_a_id,team_b_id,tournament_id,team_a_elo,team_b_elo,elo_diff,elo_prob_team_a,team_a_matches_played,team_a_win_rate,team_a_avg_points,team_a_avg_attack,team_a_avg_block,team_a_avg_serve,team_b_matches_played,team_b_win_rate,team_b_avg_points,team_b_avg_attack,team_b_avg_block,team_b_avg_serve,team_a_starter_attack,team_a_starter_block,team_a_starter_serve,team_a_top_scorer,team_a_libero_digs,team_a_libero_reception,team_a_roster_depth,team_a_avg_sets_per_player,team_a_10plus_scorers,team_b_starter_attack,team_b_starter_block,team_b_starter_serve,team_b_top_scorer,team_b_libero_digs,team_b_libero_reception,team_b_roster_depth,team_b_avg_sets_per_player,team_b_10plus_scorers,team_a_wins
1,1,2,1,1500.0,1500.0,0.0,0.5,0,0.5,0.0,0.0,0.0,0.0,0,0.5,0.0,0.0,0.0,0.0,0.0,0.0,0.0,0,0.0,0.0,0,0.0,0,0.0,0.0,0.0,0,0.0,0.0,0,0.0,0,0
2,3,4,2,1500.0,1500.0,0.0,0.5,0,0.5,0.0,0.0,0.0,0.0,0,0.5,0.0,0.0,0.0,0.0,0.0,0.0,0.0,0,0.0,0.0,0,0.0,0,0.0,0.0,0.0,0,0.0,0.0,0,0.0,0,1
3,2,5,1,1510.0,1500.0,10.0,0.5143871841659987,1,2.0,100.0,68.0,7.0,3.0,0,0.5,0.0,0.0,0.0,0.0,5.909090909090909,0.6363636363636364,0.18181818181818182,16,1.3636363636363635,1.0,11,3.1818181818181817,4,0.0,0.0,0.0,0,0.0,0.0,0,0.0,0,1
4,1,5,3,1490.0,1490.28774368332,-0.28774368332005906,0.4995859036472917,1,0.0,95.0,63.0,5.0,9.0,1,0.0,75.0,51.0,4.0,1.0,7.0,0.5555555555555556,1.0,18,2.2222222222222223,0.7777777777777778,9,3.6666666666666665,4,2.2142857142857144,0.21428571428571427,0.07142857142857142,16,1.3571428571428572,0.5714285714285714,14,2.7857142857142856,1,1
5,6,2,4,1500.0,1519.71225631668,-19.71225631667994,0.47166218295650314,0,0.5,0.0,0.0,0.0,0.0,2,2.0,98.5,66.0,6.5,4.0,0.0,0.0,0.0,0,0.0,0.0,0,0.0,0,5.291666666666667,0.5416666666666666,0.2916666666666667,16,1.0833333333333333,0.875,13,3.0833333333333335,8,0
6,7,8,5,1500.0,1500.0,0.0,0.5,0,0.5,0.0,0.0,0.0,0.0,0,0.5,0.0,0.0,0.0,0.0,0.0,0.0,0.0,0,0.0,0.0,0,0.0,0,0.0,0.0,0.0,0,0.0,0.0,0,0.0,0,1
7,1,9,3,1500.0082819270542,1500.0,0.008281927054213156,0.500011918651108,2,1.0,85.0,57.0,4.5,7.0,0,0.5,0.0,0.0,0.0,0.0,6.0,0.47368421052631576,0.7368421052631579,18,1.631578947368421,0.8421052631578947,14,3.1578947368421053,7,0.0,0.0,0.0,0,0.0,0.0,0,0.0,0,1
8,10,1,3,1500.0,1510.0080435540322,-10.008043554032156,0.4856012498211397,0,0.5,0.0,0.0,0.0,0.0,3,1.3333333333333333,81.66666666666667,53.666666666666664,4.666666666666667,6.666666666666667,0.0,0.0,0.0,0,0.0,0.0,0,0.0,0,4.363636363636363,0.42424242424242425,0.5757575757575758,18,1.3636363636363635,0.7575757575757576,17,2.787878787878788,7,1
9,3,11,4,1510.0,1500.0,10.0,0.5143871841659987,1,2.0,77.0,41.0,7.0,2.0,0,0.5,0.0,0.0,0.0,0.0,3.4166666666666665,0.4166666666666667,0.08333333333333333,22,1.0833333333333333,0.3333333333333333,12,2.6666666666666665,1,0.0,0.0,0.0,0,0.0,0.0,0,0.0,0,0
10,5,1,2,1480.2794617562658,1499.720068550455,-19.44060679418908,0.4720518795004936,2,0.0,65.5,39.5,5.0,1.5,4,1.0,89.5,57.0,7.75,6.75,2.230769230769231,0.34615384615384615,0.07692307692307693,16,1.2692307692307692,0.34615384615384615,17,2.423076923076923,1,4.191489361702128,0.6170212765957447,0.5319148936170213,20,1.3829787234042554,0.723404255319149,18,3.106382978723404,9,0
11,6,11,6,1490.56675634087,1510.28774368332,-19.720987342450144,0.47164965837846934,1,0.0,61.0,28.0,3.0,8.0,1,2.0,96.0,59.0,6.0,2.0,1.7692307692307692,0.23076923076923078,0.6153846153846154,10,1.1538461538461537,0.6923076923076923,13,2.230769230769231,1,5.5,0.6,0.0,20,2.2,0.8,10,3.3,3,0
12,3,1,4,1499.71225631668,1509.1611061404649,-9.44884982378494,0.4864053634925847,2,1.0,78.0,47.0,7.0,1.5,5,1.2,86.6,54.6,7.6,7.4,3.375,0.4166666666666667,0.08333333333333333,22,1.2083333333333333,1.0833333333333333,19,2.9166666666666665,5,4.245614035087719,0.631578947368421,0.6140350877192983,20,1.3859649122807018,0.7543859649122807,19,3.017543859649123,10,0
13,12,11,4,1500.0,1519.7207368508894,-19.720736850889352,0.47165001770586573,0,0.5,0.0,0.0,0.0,0.0,2,2.0,97.0,59.0,6.5,5.0,0.0,0.0,0.0,0,0.0,0.0,0,0.0,0,4.478260869565218,0.5652173913043478,0.34782608695652173,20,1.608695652173913,0.8260869565217391,14,3.1739130434782608,5,0
14,13,1,5,1500.0,1518.8892134103166,-18.889213410316643,0.4728429886192392,0,0.5,0.0,0.0,0.0,0.0,6,1.3333333333333333,85.0,54.0,7.666666666666667,6.5,0.0,0.0,0.0,0,0.0,0.0,0,0.0,0,4.424242424242424,0.6515151515151515,0.5606060606060606,20,1.3484848484848484,0.8181818181818182,19,2.984848484848485,13,1
15,14,15,7,1500.0,1500.0,0.0,0.5,0,0.5,0.0,0.0,0.0,0.0,0,0.5,0.0,0.0,0.0,0.0,0.0,0.0,0.0,0,0.0,0.0,0,0.0,0,0.0,0.0,0.0,0,0.0,0.0,0,0.0,0,0
16,4,1,2,1490.0,1508.3460731827015,-18.346073182701502,0.4736223899285901,1,0.0,60.0,38.0,3.0,3.0,7,1.1428571428571428,86.28571428571429,54.285714285714285,8.428571428571429,5.857142857142857,3.0,0.0,0.16666666666666666,13,0.6666666666666666,0.3333333333333333,12,2.5833333333333335,2,4.329113924050633,0.6708860759493671,0.4810126582278481,20,1.3164556962025316,0.7721518987341772,22,3.037974683544304,15,0
17,1,5,8,1517.8185209812732,1470.838424166256,46.980096815017305,0.5672007189735089,8,1.25,87.875,55.75,8.375,5.75,3,0.0,62.0,36.333333333333336,6.0,2.0,4.423913043478261,0.6521739130434783,0.45652173913043476,23,1.3043478260869565,0.7391304347826086,23,3.0217391304347827,17,2.361111111111111,0.4722222222222222,0.1388888888888889,16,1.1111111111111112,0.4166666666666667,17,2.5555555555555554,2,1
18,11,16,4,1529.1537372050066,1500.0,29.153737205006564,0.5418574059348347,3,2.0,89.66666666666667,52.333333333333336,6.0,6.0,0,0.5,0.0,0.0,0.0,0.0,3.5675675675675675,0.4594594594594595,0.35135135135135137,20,1.3243243243243243,0.6756756756756757,16,2.891891891891892,5,0.0,0.0,0.0,0,0.0,0.0,0,0.0,0,1
19,8,5,8,1490.0,1462.182438545726,27.817561454274028,0.5399473650211238,1,0.0,56.0,31.0,7.0,2.0,4,0.0,68.25,39.25,7.5,2.0,3.111111111111111,0.7777777777777778,0.2222222222222222,11,0.6666666666666666,0.6666666666666666,9,2.5555555555555554,2,2.7083333333333335,0.6041666666666666,0.14583333333333334,17,1.1458333333333333,0.6041666666666666,19,2.7916666666666665,3,0
20,14,11,7,1490.0,1538.31658908631,-48.31658908630993,0.4309116424844678,1,0.0,43.0,19.0,7.0,1.0,4,2.0,93.75,56.75,6.0,6.5,1.3846153846153846,0.5384615384615384,0.07692307692307693,7,1.2307692307692308,0.6153846153846154,13,2.230769230769231,0,4.040816326530612,0.4489795918367347,0.42857142857142855,20,1.489795918367347,0.7142857142857143,16,3.020408163265306,8,0
21,11,1,9,1546.9348219359993,1526.4745066018031,20.46031533419614,0.5294107699248186,5,2.0,90.0,54.8,6.2,6.0,9,1.3333333333333333,89.11111111111111,55.666666666666664,8.666666666666666,6.111111111111111,3.8253968253968256,0.4603174603174603,0.3968253968253968,20,1.492063492063492,0.6507936507936508,17,2.8253968253968256,10,4.3619047619047615,0.6666666666666666,0.4857142857142857,23,1.2952380952380953,0.7523809523809524,23,3.038095238095238,20,0
22,8,16,2,1479.2010526995775,1490.8371481186966,-11.636095419119101,0.48326057084145624,2,0.0,83.0,48.5,7.5,3.0,1,0.0,93.0,60.0,11.0,3.0,3.739130434782609,0.5652173913043478,0.21739130434782608,21,0.9565217391304348,0.8695652173913043,18,3.3043478260869565,5,4.909090909090909,0.8181818181818182,0.2727272727272727,18,2.5454545454545454,0.9090909090909091,11,3.8181818181818183,2,0
23,15,1,10,1510.0,1537.0627220002996,-27.062722000299573,0.4611321879214653,1,2.0,75.0,48.0,1.0,7.0,10,1.4,90.9,57.6,8.9,6.1,1.8571428571428572,0.07142857142857142,0.2857142857142857,15,1.4285714285714286,0.14285714285714285,14,2.2142857142857144,2,4.394957983193278,0.6638655462184874,0.4789915966386555,26,1.3529411764705883,0.7563025210084033,23,3.1176470588235294,23,0
24,2,4,6,1529.14549997581,1480.5275522014283,48.61794777438172,0.5695137160844622,3,2.0,91.33333333333333,59.333333333333336,5.666666666666667,3.3333333333333335,2,0.0,73.0,46.5,4.0,2.5,5.029411764705882,0.5,0.2647058823529412,16,1.1470588235294117,0.8235294117647058,15,2.8823529411764706,9,3.7916666666666665,0.20833333333333334,0.16666666666666666,25,1.2916666666666667,0.375,14,2.9166666666666665,5,1
25,1,11,8,1546.2853657587289,1536.3466065375028,9.938759221226064,0.5142991241257125,11,1.4545454545454546,89.45454545454545,56.18181818181818,8.909090909090908,6.090909090909091,6,1.6666666666666667,92.33333333333333,57.333333333333336,6.833333333333333,5.5,4.157894736842105,0.6165413533834586,0.46616541353383456,26,1.2932330827067668,0.6992481203007519,23,3.0150375939849625,24,4.093333333333334,0.48,0.37333333333333335,37,1.5866666666666667,0.6666666666666666,19,2.973333333333333,12,1
26,16,15,4,1500.5023595355258,1500.7773562415707,-0.27499670604493076,0.4996042480101675,2,1.0,91.0,59.5,10.0,3.5,2,1.0,55.0,32.5,2.5,6.0,4.0,0.6818181818181818,0.3181818181818182,21,1.8636363636363635,0.6363636363636364,17,3.3636363636363638,4,1.4615384615384615,0.15384615384615385,0.34615384615384615,15,1.1153846153846154,0.23076923076923078,17,2.269230769230769,2,1
27,9,15,4,1490.000238373022,1490.769441201774,-0.7692028287519861,0.49889302995426305,1,0.0,52.0,33.0,1.0,2.0,3,0.6666666666666666,55.666666666666664,31.0,3.3333333333333335,4.333333333333333,2.3076923076923075,0.07692307692307693,0.07692307692307693,14,0.9230769230769231,0.3076923076923077,13,2.5384615384615383,1,1.425,0.175,0.225,15,0.95,0.25,19,2.25,2,1
28,16,3,7,1510.5102745753225,1489.9841490468282,20.526125528494276,0.5295051496660085,3,1.3333333333333333,85.66666666666667,54.666666666666664,8.0,4.333333333333333,3,0.6666666666666666,73.66666666666667,44.666666666666664,6.0,1.0,3.9393939393939394,0.5757575757575758,0.36363636363636365,21,1.8484848484848484,0.6363636363636364,19,3.0303030303030303,6,3.0277777777777777,0.3611111111111111,0.05555555555555555,22,1.4166666666666667,1.0,20,2.861111111111111,6,1
29,4,16,7,1471.9178265231176,1519.9201715820022,-48.00234505888466,0.4313552969119694,3,0.0,71.0,40.666666666666664,4.333333333333333,2.6666666666666665,4,1.5,88.0,54.5,9.0,4.75,2.972972972972973,0.2702702702702703,0.13513513513513514,25,1.0810810810810811,0.35135135135135137,17,2.72972972972973,5,4.209302325581396,0.7209302325581395,0.4186046511627907,21,1.930232558139535,0.6744186046511628,19,3.0930232558139537,8,0
30,11,16,7,1526.6325890200171,1528.5472775202416,-1.914688500224429,0.49724456964530284,7,1.4285714285714286,87.85714285714286,55.285714285714285,6.857142857142857,4.714285714285714,5,1.6,92.4,56.8,9.8,4.6,3.730337078651685,0.4606741573033708,0.3146067415730337,37,1.5617977528089888,0.6179775280898876,20,2.8764044943820224,14,4.5,0.7777777777777778,0.3888888888888889,24,1.8703703703703705,0.6851851851851852,19,3.240740740740741,11,0
31,10,16,3,1510.2879750035772,1538.4921689131477,-28.20419390957045,0.45949982717720766,1,2.0,112.0,72.0,15.0,4.0,6,1.6666666666666667,89.5,55.0,9.666666666666666,3.8333333333333335,5.071428571428571,0.9285714285714286,0.14285714285714285,29,2.142857142857143,0.5,14,3.642857142857143,4,4.587301587301587,0.8095238095238095,0.3333333333333333,24,1.9841269841269842,0.6825396825396826,20,3.142857142857143,13,0
32,3,1,2,1480.5742520401484,1555.9993832762145,-75.42513123606614,0.3931281622420472,4,0.5,73.75,44.25,6.75,2.0,12,1.5,88.58333333333333,55.416666666666664,9.083333333333334,6.083333333333333,2.9183673469387754,0.42857142857142855,0.14285714285714285,22,1.4489795918367347,0.8571428571428571,20,2.9183673469387754,8,4.082191780821918,0.6301369863013698,0.4589041095890411,26,1.2945205479452055,0.6917808219178082,23,2.958904109589041,26,0
33,9,15,8,1500.0223777739368,1480.7473018008593,19.27507597307749,0.5277106404783289,2,1.0,63.5,36.5,3.5,6.5,4,0.5,56.0,31.5,3.5,4.5,2.68,0.28,0.4,14,0.88,0.28,17,2.56,2,1.5740740740740742,0.2037037037037037,0.24074074074074073,15,0.9814814814814815,0.3333333333333333,19,2.2962962962962963,2,1
34,1,16,7,1563.8619465210554,1547.6821654566918,16.179781064363624,0.523267758955823,13,1.5384615384615385,89.38461538461539,57.07692307692308,8.692307692307692,5.923076923076923,7,1.7142857142857142,90.71428571428571,54.857142857142854,9.285714285714286,4.142857142857143,4.2594936708860756,0.6075949367088608,0.44936708860759494,26,1.2721518987341771,0.7215189873417721,23,2.9683544303797467,30,4.447368421052632,0.7368421052631579,0.34210526315789475,24,1.894736842105263,0.8026315789473685,21,3.263157894736842,15,0
35,5,3,4,1472.9813858461484,1472.7116887953075,0.2696970508409322,0.5003881251775999,5,0.4,75.0,45.8,7.8,2.0,5,0.4,75.2,47.6,6.2,1.8,3.180327868852459,0.6229508196721312,0.14754098360655737,23,1.2950819672131149,0.7377049180327869,20,2.9672131147540983,6,3.0317460317460316,0.38095238095238093,0.1111111111111111,31,1.2698412698412698,0.7777777777777778,20,3.0,10,1
36,16,4,3,1558.1475206358082,1463.2907205848783,94.8568000509299,0.6332162687590731,8,1.75,91.875,54.625,10.0,3.875,4,0.0,78.0,49.0,4.75,2.75,4.482758620689655,0.8160919540229885,0.3103448275862069,24,1.8850574712643677,0.8505747126436781,21,3.3563218390804597,17,3.3469387755102042,0.30612244897959184,0.16326530612244897,30,1.3877551020408163,0.5102040816326531,17,3.061224489795918,7,1
37,4,11,3,1455.9550459600598,1516.687697627111,-60.73265166705119,0.4134781511795189,5,0.0,83.4,51.6,5.2,3.0,8,1.25,84.25,53.125,6.875,4.125,3.5806451612903225,0.3387096774193548,0.16129032258064516,30,1.4516129032258065,0.532258064516129,18,3.225806451612903,9,3.686868686868687,0.47474747474747475,0.2828282828282828,37,1.5151515151515151,0.7171717171717171,20,2.8383838383838382,14,0
38,17,1,6,1500.0,1553.396591341939,-53.39659134193903,0.4237554813767763,0,0.5,0.0,0.0,0.0,0.0,14,1.4285714285714286,90.64285714285714,58.07142857142857,8.928571428571429,5.857142857142857,0.0,0.0,0.0,0,0.0,0.0,0,0.0,0,4.428571428571429,0.6428571428571429,0.4523809523809524,26,1.2797619047619047,0.7797619047619048,23,3.0535714285714284,33,0
39,15,16,8,1471.3015146104258,1565.4831952606266,-94.18168065020086,0.3676868040535343,5,0.4,58.8,33.0,4.0,4.4,9,1.7777777777777777,94.0,55.0,10.444444444444445,3.7777777777777777,1.7761194029850746,0.23880597014925373,0.23880597014925373,15,0.9253731343283582,0.373134328358209,20,2.328358208955224,3,4.43,0.81,0.3,25,1.86,0.82,21,3.42,19,0
40,12,3,6,1490.5669996458828,1462.7194512988594,27.84754834702335,0.5399902438698776,1,0.0,43.0,24.0,3.0,1.0,6,0.3333333333333333,77.16666666666667,48.833333333333336,6.166666666666667,2.3333333333333335,1.7692307692307692,0.23076923076923078,0.07692307692307693,8,0.8461538461538461,0.46153846153846156,13,2.4615384615384617,0,3.066666666666667,0.38666666666666666,0.14666666666666667,31,1.3333333333333333,0.7733333333333333,21,3.013333333333333,13,0
41,2,5,3,1537.7552256541207,1482.9736233425965,54.78160231152424,0.5781901691193356,4,2.0,88.75,57.75,6.0,3.75,6,0.6666666666666666,78.0,46.333333333333336,8.833333333333334,2.5,4.608695652173913,0.4782608695652174,0.2391304347826087,16,1.065217391304348,1.0217391304347827,17,2.717391304347826,11,3.26027397260274,0.6986301369863014,0.1780821917808219,23,1.3287671232876712,0.6986301369863014,20,3.0136986301369864,8,1
42,10,3,1,1501.0979784600331,1473.519256176257,27.578722283776187,0.5396058231251899,2,1.0,106.5,72.0,13.5,2.5,7,0.5714285714285714,76.85714285714286,47.857142857142854,6.285714285714286,2.7142857142857144,5.346153846153846,0.9615384615384616,0.11538461538461539,33,2.1153846153846154,0.6538461538461539,14,3.8076923076923075,6,2.9213483146067416,0.39325842696629215,0.1797752808988764,31,1.2584269662921348,0.7415730337078652,22,2.853932584269663,14,1
43,10,17,6,1510.3058619975293,1491.5248903724644,18.78097162506492,0.5270016958376922,3,1.3333333333333333,96.66666666666667,64.66666666666667,10.666666666666666,2.3333333333333335,1,0.0,63.0,38.0,5.0,0.0,5.4,0.8571428571428571,0.11428571428571428,33,2.0285714285714285,0.9714285714285714,16,3.5142857142857142,9,3.7,0.5,0.0,19,1.4,0.3,10,2.6,1,1
44,9,10,10,1509.4681649643703,1519.7658280807755,-10.297663116405147,0.48518480950736337,3,1.3333333333333333,67.66666666666667,38.666666666666664,3.6666666666666665,6.333333333333333,4,1.5,91.25,60.25,9.0,3.25,2.5789473684210527,0.23684210526315788,0.3684210526315789,14,0.7631578947368421,0.42105263157894735,19,2.5789473684210527,5,4.673469387755102,0.6530612244897959,0.20408163265306123,33,1.8979591836734695,1.0204081632653061,19,3.142857142857143,11,0
45,5,14,7,1474.5374267249833,1481.3817671503107,-6.844340425327346,0.49015147630583933,7,0.5714285714285714,77.0,46.285714285714285,7.857142857142857,2.5714285714285716,2,0.0,41.0,18.0,7.5,0.5,3.3411764705882354,0.6235294117647059,0.18823529411764706,23,1.3176470588235294,0.7058823529411765,20,2.9529411764705884,10,1.2692307692307692,0.5384615384615384,0.038461538461538464,8,0.9230769230769231,0.5,14,2.230769230769231,0,1
46,1,9,10,1561.8717009694747,1499.7644687742231,62.10723219525153,0.5884394714880826,15,1.4666666666666666,89.6,57.6,9.0,5.533333333333333,4,1.0,66.5,38.75,4.25,5.25,4.377777777777778,0.6555555555555556,0.42777777777777776,26,1.2722222222222221,0.7611111111111111,23,3.022222222222222,35,2.7,0.3,0.32,25,0.82,0.42,21,2.58,6,1
47,18,11,6,1500.0,1524.9572606507013,-24.9572606507013,0.4641452630990713,0,0.5,0.0,0.0,0.0,0.0,9,1.3333333333333333,83.22222222222223,52.333333333333336,6.444444444444445,4.222222222222222,0.0,0.0,0.0,0,0.0,0.0,0,0.0,0,3.709090909090909,0.44545454545454544,0.3,37,1.5454545454545454,0.6909090909090909,20,2.7818181818181817,16,1
48,4,12,4,1447.6854829364695,1479.7671947684853,-32.0817118320158,0.4539614788907035,6,0.0,78.5,49.833333333333336,4.5,2.6666666666666665,2,0.0,50.0,28.0,4.0,2.0,3.547945205479452,0.3013698630136986,0.1506849315068493,30,1.3972602739726028,0.4657534246575342,18,3.1232876712328768,10,1.8148148148148149,0.2962962962962963,0.1111111111111111,12,0.6666666666666666,0.4074074074074074,18,2.3703703703703702,1,1
49,1,9,2,1570.102911539713,1491.5332582039848,78.56965333572816,0.611181967202425,16,1.5,89.9375,57.0,9.0625,5.8125,5,0.8,67.6,40.6,4.6,5.2,4.242268041237113,0.634020618556701,0.4381443298969072,26,1.2628865979381443,0.7164948453608248,24,3.0103092783505154,36,2.857142857142857,0.3333333333333333,0.3333333333333333,25,1.0317460317460319,0.4444444444444444,21,2.7301587301587302,8,1
50,19,5,3,1500.0,1484.7343971988666,15.265602801133355,0.5219548419711179,0,0.5,0.0,0.0,0.0,0.0,8,0.75,76.75,45.375,8.125,2.875,0.0,0.0,0.0,0,0.0,0.0,0,0.0,0,3.3157894736842106,0.6526315789473685,0.18947368421052632,23,1.3368421052631578,0.7052631578947368,20,2.8947368421052633,10,0
51,15,4,7,1463.947778529355,1458.6062533586555,5.3415251706994695,0.5076864670522374,6,0.3333333333333333,63.333333333333336,36.0,4.166666666666667,4.5,7,0.2857142857142857,78.0,49.714285714285715,4.142857142857143,3.142857142857143,2.0875,0.25,0.2625,15,0.9625,0.425,20,2.4375,6,3.3908045977011496,0.27586206896551724,0.14942528735632185,30,1.3563218390804597,0.42528735632183906,20,2.942528735632184,11,1
52,11,19,2,1514.2401659126826,1489.5609031605777,24.679262752104933,0.535456700276921,10,1.2,81.1,50.4,6.2,4.0,1,0.0,50.0,31.0,1.0,2.0,3.557377049180328,0.4180327868852459,0.27049180327868855,37,1.5081967213114753,0.6639344262295082,20,2.737704918032787,17,1.2857142857142858,0.07142857142857142,0.07142857142857142,13,0.8571428571428571,0.6428571428571429,14,1.9285714285714286,1,1
53,2,1,7,1546.191422271734,1577.8792721956645,-31.68784992393057,0.45452354462544436,5,2.0,87.4,55.0,6.6,3.8,17,1.5294117647058822,89.05882352941177,56.1764705882353,8.941176470588236,5.764705882352941,4.216666666666667,0.5166666666666667,0.25,16,0.9666666666666667,0.9833333333333333,21,2.7,13,4.169082125603865,0.6183574879227053,0.43478260869565216,26,1.2705314009661837,0.7101449275362319,25,2.975845410628019,39,0
54,10,11,2,1529.4695242709226,1523.5310319071443,5.938492363778323,0.5085453453407933,5,1.6,88.0,56.6,8.4,3.2,11,1.2727272727272727,84.0909090909091,52.36363636363637,7.090909090909091,4.0,4.39344262295082,0.6229508196721312,0.19672131147540983,33,1.6885245901639345,0.8852459016393442,20,3.0,12,3.7761194029850746,0.5,0.27611940298507465,37,1.507462686567164,0.7164179104477612,20,2.843283582089552,20,0
55,16,9,3,1572.8369313416974,1483.7568975480333,89.08003379366414,0.6254593258124733,10,1.8,93.4,55.2,9.9,3.7,6,0.6666666666666666,65.66666666666667,39.333333333333336,4.666666666666667,4.833333333333333,4.339285714285714,0.7589285714285714,0.29464285714285715,25,1.7678571428571428,0.7767857142857143,21,3.3660714285714284,21,2.6623376623376624,0.2987012987012987,0.2987012987012987,25,1.0129870129870129,0.4155844155844156,22,2.6363636363636362,8,1
56,3,10,6,1464.3113726387608,1519.2986173641068,-54.987244725346045,0.4215211516468478,8,0.5,74.75,46.375,6.125,2.625,6,1.3333333333333333,87.5,56.666666666666664,7.833333333333333,3.3333333333333335,2.8514851485148514,0.38613861386138615,0.16831683168316833,31,1.2178217821782178,0.693069306930693,22,2.742574257425743,15,4.4520547945205475,0.5616438356164384,0.2054794520547945,34,1.643835616438356,0.9178082191780822,21,3.041095890410959,14,0
57,19,2,10,1480.270037166116,1537.100951379225,-56.830914213109054,0.4189354406849547,2,0.0,82.5,54.5,5.0,2.0,6,1.6666666666666667,89.33333333333333,56.0,8.333333333333334,3.6666666666666665,3.9166666666666665,0.4166666666666667,0.125,47,1.0833333333333333,1.25,18,2.9166666666666665,3,4.361111111111111,0.6666666666666666,0.25,19,0.9861111111111112,0.9444444444444444,22,2.7777777777777777,16,0
58,3,11,8,1455.8809496058238,1533.7019388139602,-77.82098920813633,0.3898426629324894,9,0.4444444444444444,78.44444444444444,48.44444444444444,7.0,3.0,12,1.3333333333333333,85.0,53.416666666666664,7.083333333333333,4.083333333333333,3.0530973451327434,0.4424778761061947,0.18584070796460178,31,1.2212389380530972,0.7610619469026548,22,2.8672566371681416,18,3.8424657534246576,0.5068493150684932,0.2876712328767123,37,1.4657534246575343,0.726027397260274,20,2.863013698630137,23,1
59,16,9,10,1580.327744825448,1476.2660840642827,104.06166076116529,0.6454336841133222,11,1.8181818181818181,94.81818181818181,55.54545454545455,9.909090909090908,3.8181818181818183,7,0.5714285714285714,71.14285714285714,42.57142857142857,5.857142857142857,5.0,4.296,0.736,0.288,25,1.752,0.84,21,3.424,23,2.6555555555555554,0.3333333333333333,0.3111111111111111,25,1.1888888888888889,0.3888888888888889,22,2.9,11,1
60,3,9,3,1468.084096347174,1469.1747577465492,-1.0906613993752217,0.4984304172309593,10,0.6,79.7,49.2,7.5,2.8,8,0.5,70.25,42.25,5.625,4.5,3.1023622047244093,0.48031496062992124,0.1732283464566929,31,1.204724409448819,0.8031496062992126,23,2.8661417322834644,20,2.7524752475247523,0.33663366336633666,0.2871287128712871,25,1.2079207920792079,0.39603960396039606,22,2.891089108910891,12,1
61,19,16,2,1471.8913283524168,1587.4190711431816,-115.5277427907647,0.3396103416245816,3,0.0,76.0,50.333333333333336,5.333333333333333,1.6666666666666667,12,1.8333333333333333,93.16666666666667,54.25,10.083333333333334,3.75,3.5945945945945947,0.40540540540540543,0.10810810810810811,47,1.0810810810810811,1.135135135135135,23,3.108108108108108,5,4.242647058823529,0.7647058823529411,0.2867647058823529,25,1.7352941176470589,0.875,22,3.3455882352941178,24,1
62,2,1,3,1545.4796601929243,1586.9697430881733,-41.49008289524909,0.4405731915627284,7,1.7142857142857142,90.85714285714286,57.0,8.428571428571429,3.857142857142857,18,1.5555555555555556,89.83333333333333,56.5,9.0,5.722222222222222,4.518072289156627,0.6867469879518072,0.27710843373493976,19,1.0963855421686748,0.8674698795180723,23,2.8072289156626504,19,4.224770642201835,0.6330275229357798,0.43577981651376146,26,1.2844036697247707,0.7477064220183486,25,3.0275229357798166,42,0
63,16,2,2,1574.2112779756733,1536.6681963616697,37.54308161400354,0.5538195265529798,13,1.6923076923076923,94.0,54.23076923076923,10.0,3.923076923076923,8,1.5,91.375,56.5,8.375,4.25,4.301369863013699,0.773972602739726,0.3082191780821918,25,1.7602739726027397,0.8698630136986302,22,3.4178082191780823,26,4.375,0.65625,0.3125,19,1.0729166666666667,0.8541666666666666,23,2.9895833333333335,21,0
64,15,11,4,1473.7940491883103,1521.49879207261,-47.704742884299776,0.4317755577284539,7,0.5714285714285714,65.0,37.285714285714285,4.285714285714286,4.571428571428571,13,1.2307692307692308,85.07692307692308,53.84615384615385,7.076923076923077,4.076923076923077,2.3076923076923075,0.26373626373626374,0.2857142857142857,16,1.1318681318681318,0.4065934065934066,20,2.4395604395604398,7,3.8238993710691824,0.5094339622641509,0.2830188679245283,37,1.509433962264151,0.6855345911949685,20,2.89937106918239,25,0
65,1,4,3,1595.7812069194279,1448.7599826997002,147.02122421972763,0.6997950709487264,19,1.5789473684210527,90.15789473684211,56.421052631578945,8.947368421052632,5.947368421052632,8,0.25,75.375,47.5,4.375,2.75,4.230434782608696,0.6304347826086957,0.45652173913043476,26,1.2869565217391303,0.7869565217391304,25,3.0695652173913044,45,3.1485148514851486,0.25742574257425743,0.12871287128712872,30,1.297029702970297,0.37623762376237624,21,2.801980198019802,11,1
66,3,10,7,1478.1154880025547,1527.7290403970437,-49.613552394489034,0.4290817509625657,11,0.7272727272727273,79.36363636363636,49.0,7.545454545454546,2.727272727272727,7,1.4285714285714286,90.14285714285714,58.142857142857146,7.714285714285714,3.4285714285714284,3.1357142857142857,0.4857142857142857,0.17142857142857143,31,1.1357142857142857,0.7857142857142857,24,2.8214285714285716,23,4.440476190476191,0.5357142857142857,0.21428571428571427,34,1.7023809523809523,0.9642857142857143,21,3.142857142857143,18,1
67,1,8,3,1601.7853055004534,1469.5358412827484,132.24946421770505,0.6816335485360818,20,1.6,89.5,55.7,8.9,6.0,3,0.0,82.66666666666667,48.666666666666664,7.333333333333333,4.0,4.135245901639344,0.6229508196721312,0.44672131147540983,26,1.2704918032786885,0.7622950819672131,25,3.0163934426229506,46,3.911764705882353,0.5588235294117647,0.29411764705882354,21,1.0,1.1176470588235294,19,3.323529411764706,7,1
68,11,8,8,1530.134303227179,1463.16851225347,66.96579097370909,0.5951955943506122,14,1.2857142857142858,86.07142857142857,54.214285714285715,7.0,4.357142857142857,4,0.0,90.5,53.0,8.25,4.0,3.8488372093023258,0.5058139534883721,0.29651162790697677,37,1.4767441860465116,0.686046511627907,20,2.9069767441860463,28,3.9782608695652173,0.5434782608695652,0.2608695652173913,21,1.065217391304348,0.9565217391304348,20,3.5217391304347827,11,1
69,2,20,6,1547.7445868927293,1500.0,47.74458689272933,0.5682807139523988,9,1.5555555555555556,89.55555555555556,55.888888888888886,7.777777777777778,4.333333333333333,0,0.5,0.0,0.0,0.0,0.0,4.401869158878505,0.616822429906542,0.32710280373831774,19,1.074766355140187,0.7757009345794392,23,2.953271028037383,24,0.0,0.0,0.0,0,0.0,0.0,0,0.0,0,1
70,11,2,4,1538.2303913401668,1556.3789726136813,-18.148581273514537,0.4739058211023347,15,1.3333333333333333,86.73333333333333,55.333333333333336,7.133333333333334,4.133333333333334,10,1.6,90.3,56.8,7.7,4.5,3.967391304347826,0.5217391304347826,0.2826086956521739,37,1.4673913043478262,0.717391304347826,20,2.9130434782608696,30,4.391666666666667,0.6,0.3416666666666667,19,1.1083333333333334,0.8083333333333333,23,2.933333333333333,28,1
71,14,16,7,1471.1847966764274,1563.1348874446137,-91.95009076818633,0.37067847061784337,3,0.0,40.333333333333336,18.666666666666668,6.666666666666667,1.0,14,1.5714285714285714,91.35714285714286,52.714285714285715,9.571428571428571,3.642857142857143,1.275,0.45,0.025,10,0.975,0.475,15,2.15,1,4.139240506329114,0.7278481012658228,0.2848101265822785,25,1.7151898734177216,0.8481012658227848,22,3.3417721518987342,27,0
72,16,1,4,1570.5484568569705,1608.1526345297318,-37.60417767276135,0.446093569501985,15,1.6,90.26666666666667,52.4,9.666666666666666,3.6666666666666665,21,1.619047619047619,90.52380952380952,56.476190476190474,8.714285714285714,6.0476190476190474,4.052631578947368,0.7251461988304093,0.2807017543859649,25,1.6491228070175439,0.8011695906432749,22,3.2222222222222223,29,4.12015503875969,0.6046511627906976,0.4496124031007752,26,1.2596899224806202,0.7596899224806202,25,3.050387596899225,50,0
73,6,1,4,1481.1337631733006,1617.0745059197716,-135.94074274647096,0.31377318577789,2,0.0,73.0,37.0,5.5,5.5,22,1.6363636363636365,91.63636363636364,57.59090909090909,8.636363636363637,5.909090909090909,2.1923076923076925,0.38461538461538464,0.38461538461538464,15,1.2692307692307692,0.8461538461538461,16,2.6538461538461537,2,4.162962962962963,0.5962962962962963,0.43703703703703706,26,1.2703703703703704,0.7851851851851852,25,3.1074074074074076,53,0
74,4,3,3,1442.7558841186747,1489.5338529833034,-46.77796886462875,0.433084934351144,9,0.2222222222222222,73.55555555555556,45.55555555555556,4.444444444444445,2.5555555555555554,12,0.8333333333333334,79.0,48.083333333333336,7.583333333333333,2.6666666666666665,3.0,0.2631578947368421,0.11403508771929824,30,1.2543859649122806,0.34210526315789475,23,2.7719298245614037,11,3.1258278145695364,0.4966887417218543,0.17218543046357615,31,1.1324503311258278,0.7814569536423841,24,2.814569536423841,23,0
75,12,9,4,1468.8464243462993,1459.1433660911684,9.703058255130827,0.5139601940640828,3,0.0,49.666666666666664,29.0,4.333333333333333,2.0,9,0.4444444444444444,68.88888888888889,41.888888888888886,5.444444444444445,4.555555555555555,1.95,0.325,0.125,12,0.775,0.525,18,2.35,2,2.710526315789474,0.3333333333333333,0.2982456140350877,25,1.1666666666666667,0.38596491228070173,22,2.8596491228070176,14,0
76,11,16,4,1548.75227491812,1561.6265854669307,-12.874310548810627,0.4814808531628492,16,1.375,87.125,55.0,7.4375,4.25,16,1.5,91.5,53.125,10.125,3.6875,3.9744897959183674,0.5510204081632653,0.29591836734693877,37,1.4489795918367347,0.7397959183673469,20,2.913265306122449,32,4.138121546961326,0.7624309392265194,0.281767955801105,29,1.6519337016574585,0.8287292817679558,22,3.303867403314917,31,0
77,4,11,7,1434.0941854316518,1539.122657854863,-105.02847242321127,0.35329370924915937,10,0.2,75.7,47.1,4.5,2.9,17,1.2941176470588236,85.41176470588235,53.94117647058823,7.352941176470588,4.0588235294117645,3.2338709677419355,0.27419354838709675,0.1532258064516129,30,1.3548387096774193,0.3790322580645161,23,2.806451612903226,14,3.9082125603864735,0.5458937198067633,0.28502415458937197,37,1.429951690821256,0.7584541062801933,20,2.888888888888889,33,0
78,8,9,10,1455.0724241404823,1469.42256997245,-14.350145831967666,0.47936021549577,5,0.0,88.4,52.2,7.6,3.8,10,0.6,69.5,41.9,5.8,4.7,3.683333333333333,0.48333333333333334,0.23333333333333334,21,1.1666666666666667,0.8833333333333333,20,3.3833333333333333,12,2.7007874015748032,0.36220472440944884,0.2992125984251969,25,1.1496062992125984,0.36220472440944884,22,2.8188976377952755,15,1
79,4,15,4,1427.0283112466686,1465.1585380337413,-38.130226787072615,0.44534544626994427,11,0.18181818181818182,72.36363636363636,45.36363636363637,4.090909090909091,2.727272727272727,8,0.5,65.75,37.5,3.875,4.75,3.1353383458646618,0.2556390977443609,0.15037593984962405,30,1.3383458646616542,0.38345864661654133,23,2.789473684210526,14,2.1904761904761907,0.23809523809523808,0.26666666666666666,16,1.1904761904761905,0.45714285714285713,20,2.5047619047619047,8,1
80,10,16,2,1516.310675416295,1571.2562025301877,-54.945527113892695,0.42157971017753615,8,1.25,86.125,55.375,7.125,3.25,17,1.5294117647058822,90.52941176470588,52.94117647058823,10.117647058823529,3.823529411764706,4.319148936170213,0.5106382978723404,0.2127659574468085,34,1.6914893617021276,0.9680851063829787,21,3.106382978723404,19,4.119791666666667,0.7604166666666666,0.2916666666666667,29,1.6510416666666667,0.796875,22,3.25,33,1
81,1,10,7,1623.3499696353294,1527.8790812127443,95.47088842258518,0.6340368919373114,23,1.6521739130434783,90.91304347826087,57.0,8.434782608695652,5.869565217391305,9,1.3333333333333333,87.22222222222223,55.333333333333336,7.444444444444445,4.111111111111111,4.160714285714286,0.5892857142857143,0.4392857142857143,26,1.2535714285714286,0.7892857142857143,25,3.0964285714285715,55,4.257142857142857,0.5428571428571428,0.2761904761904762,34,1.7142857142857142,0.9333333333333333,21,3.1333333333333333,21,0
82,15,10,10,1454.0654469591402,1540.5598190514904,-86.4943720923502,0.37803392021806576,9,0.4444444444444444,66.22222222222223,37.888888888888886,4.0,4.777777777777778,10,1.4,88.4,55.8,7.5,4.2,2.0677966101694913,0.23728813559322035,0.2542372881355932,16,1.1779661016949152,0.4915254237288136,20,2.542372881355932,8,4.362068965517241,0.5517241379310345,0.29310344827586204,34,1.6982758620689655,0.8620689655172413,21,3.163793103448276,24,0
83,15,19,7,1446.5047685547788,1485.0991215199251,-38.5943529651463,0.44468559251773915,10,0.4,67.7,39.5,4.1,4.6,4,0.5,81.0,53.0,6.25,2.25,2.310077519379845,0.24806201550387597,0.2558139534883721,16,1.2248062015503876,0.5038759689922481,21,2.5968992248062017,12,3.857142857142857,0.4897959183673469,0.12244897959183673,47,1.0816326530612246,1.183673469387755,23,3.2244897959183674,6,1
84,12,9,4,1458.5672204650177,1459.0097742823655,-0.44255381734774346,0.4993631142052778,4,0.0,50.0,29.25,3.75,2.5,11,0.5454545454545454,68.18181818181819,41.36363636363637,5.636363636363637,4.454545454545454,1.9807692307692308,0.28846153846153844,0.15384615384615385,12,0.8461538461538461,0.6153846153846154,18,2.3076923076923075,2,2.692857142857143,0.34285714285714286,0.2857142857142857,25,1.1071428571428572,0.36428571428571427,22,2.7928571428571427,16,0
85,5,11,10,1495.173494038289,1546.1885320398462,-51.015038001557286,0.4271065670106852,9,0.8888888888888888,76.66666666666667,45.0,7.888888888888889,2.888888888888889,18,1.3333333333333333,84.83333333333333,53.55555555555556,7.166666666666667,4.388888888888889,3.2777777777777777,0.6111111111111112,0.18518518518518517,23,1.3240740740740742,0.6296296296296297,20,2.824074074074074,11,3.8995433789954337,0.5296803652968036,0.3105022831050228,37,1.4063926940639269,0.7488584474885844,20,2.8493150684931505,35,0
86,16,5,7,1559.6877967337384,1486.6313626980752,73.05643403566319,0.6036140485880643,18,1.4444444444444444,89.83333333333333,52.888888888888886,9.666666666666666,3.6666666666666665,10,0.8,77.6,45.5,8.2,3.0,4.123152709359606,0.729064039408867,0.28078817733990147,29,1.6650246305418719,0.7733990147783252,22,3.2610837438423643,34,3.389830508474576,0.635593220338983,0.17796610169491525,23,1.3135593220338984,0.711864406779661,22,2.8983050847457625,13,1
87,15,9,2,1457.611056704424,1468.997036566471,-11.385979862046952,0.48362012122685827,11,0.5454545454545454,70.81818181818181,40.90909090909091,4.7272727272727275,4.909090909090909,12,0.6666666666666666,68.75,41.416666666666664,5.916666666666667,4.583333333333333,2.2237762237762237,0.2517482517482518,0.27972027972027974,16,1.3006993006993006,0.5174825174825175,21,2.6783216783216783,14,2.6862745098039214,0.3660130718954248,0.2875816993464052,25,1.0980392156862746,0.3464052287581699,22,2.764705882352941,17,0
88,3,16,6,1498.1955516703263,1567.6155157619771,-69.41996409165085,0.40140521954036307,13,0.9230769230769231,80.15384615384616,49.07692307692308,7.769230769230769,2.769230769230769,19,1.4736842105263157,89.05263157894737,52.05263157894737,9.526315789473685,3.6842105263157894,3.184049079754601,0.5030674846625767,0.17791411042944785,31,1.1042944785276074,0.8098159509202454,24,2.8404907975460123,26,4.122641509433962,0.7311320754716981,0.28773584905660377,29,1.6556603773584906,0.7594339622641509,22,3.240566037735849,35,0
89,1,2,3,1610.6692317965833,1545.857089035728,64.8121427608553,0.5922051021158229,24,1.5833333333333333,90.70833333333333,57.0,8.166666666666666,5.875,11,1.4545454545454546,89.54545454545455,57.0,7.2727272727272725,4.2727272727272725,4.133561643835616,0.571917808219178,0.4383561643835616,26,1.2123287671232876,0.7945205479452054,25,3.1027397260273974,57,4.2180451127819545,0.5639097744360902,0.3233082706766917,19,1.0902255639097744,0.7669172932330827,23,2.917293233082707,31,0
90,2,3,4,1557.7011910780445,1490.167447279519,67.53374379852562,0.5959830704246291,12,1.5,90.66666666666667,57.416666666666664,7.75,4.333333333333333,14,0.8571428571428571,78.64285714285714,47.92857142857143,7.857142857142857,2.857142857142857,4.232876712328767,0.5958904109589042,0.3287671232876712,21,1.1164383561643836,0.7876712328767124,23,3.047945205479452,35,3.1485714285714286,0.52,0.18857142857142858,31,1.0742857142857143,0.7885714285714286,24,2.8114285714285714,28,0
91,10,3,8,1548.1204974558518,1502.0871086880115,46.03338876784028,0.5658624202246613,11,1.4545454545454546,88.9090909090909,55.63636363636363,8.181818181818182,4.0,15,0.9333333333333333,79.73333333333333,49.0,7.8,3.2,4.333333333333333,0.6046511627906976,0.2713178294573643,34,1.689922480620155,0.8294573643410853,21,3.1627906976744184,26,3.2032085561497325,0.5026737967914439,0.2192513368983957,31,1.085561497326203,0.8235294117647058,24,2.8502673796791442,30,1
92,19,9,2,1473.9928333702799,1478.6694389910083,-4.676605620728424,0.4932702299382472,5,0.4,84.6,54.0,6.4,2.8,13,0.7692307692307693,72.07692307692308,42.46153846153846,6.846153846153846,4.769230769230769,3.9166666666666665,0.5,0.16666666666666666,47,1.3666666666666667,1.25,23,3.3,8,2.696969696969697,0.43636363636363634,0.296969696969697,25,1.1575757575757575,0.38181818181818183,22,2.8848484848484848,19,1
93,11,4,9,1554.73066338006,1438.1214023212697,116.60926105879025,0.6617845352729284,19,1.368421052631579,85.52631578947368,54.05263157894737,7.368421052631579,4.473684210526316,12,0.3333333333333333,74.58333333333333,46.166666666666664,4.583333333333333,3.1666666666666665,3.961038961038961,0.5497835497835498,0.3203463203463203,37,1.4415584415584415,0.7359307359307359,20,2.8701298701298703,38,3.1156462585034013,0.2925170068027211,0.1564625850340136,30,1.272108843537415,0.3945578231292517,23,2.7687074829931975,16,1
94,10,3,2,1556.8032490513585,1493.4043570925048,63.39889195885371,0.5902389714904677,12,1.5,90.5,56.583333333333336,8.75,4.166666666666667,16,0.875,80.5625,49.25,7.6875,3.4375,4.375886524822695,0.6595744680851063,0.28368794326241137,34,1.75177304964539,0.851063829787234,21,3.2056737588652484,29,3.189054726368159,0.4975124378109453,0.23383084577114427,31,1.064676616915423,0.9054726368159204,24,2.915422885572139,31,0
95,1,11,9,1598.8251297542668,1561.4949726746013,37.33015707966547,0.5535166338416342,25,1.52,90.96,57.2,8.24,5.76,20,1.4,85.0,53.6,7.45,4.5,4.115131578947368,0.5822368421052632,0.4276315789473684,26,1.2105263157894737,0.8092105263157895,25,3.151315789473684,59,3.94238683127572,0.5596707818930041,0.32098765432098764,37,1.3950617283950617,0.7078189300411523,20,2.847736625514403,40,1
96,12,6,4,1448.5799581809122,1474.8582994577428,-26.278341276830588,0.4622543763260095,5,0.0,50.2,29.4,3.4,2.8,3,0.0,67.33333333333333,34.333333333333336,5.666666666666667,5.0,2.0,0.265625,0.171875,12,0.890625,0.671875,18,2.28125,2,2.0526315789473686,0.39473684210526316,0.34210526315789475,15,1.1842105263157894,0.868421052631579,16,2.6052631578947367,2,0
97,3,16,2,1505.209136522314,1575.6436201527845,-70.43448363047037,0.40000279072505196,17,0.9411764705882353,82.05882352941177,50.529411764705884,7.9411764705882355,3.5294117647058822,20,1.5,88.4,51.8,9.4,3.7,3.289719626168224,0.514018691588785,0.24299065420560748,33,1.1074766355140186,0.883177570093458,24,2.9813084112149535,33,4.08,0.7155555555555555,0.28444444444444444,29,1.6088888888888888,0.7555555555555555,22,3.2044444444444444,37,0
98,10,15,2,1544.9984696215492,1447.9386542798868,97.05981534166244,0.6361566013135753,13,1.3846153846153846,91.15384615384616,57.92307692307692,8.692307692307692,4.0,12,0.5,73.33333333333333,42.5,5.166666666666667,4.916666666666667,4.5394736842105265,0.6644736842105263,0.2631578947368421,34,1.7236842105263157,0.881578947368421,21,3.2960526315789473,32,2.2756410256410255,0.2692307692307692,0.28205128205128205,17,1.3461538461538463,0.5512820512820513,21,2.7628205128205128,16,1
99,10,13,5,1552.2753375952777,1510.5431402276151,41.73219736766259,0.559770288671399,14,1.4285714285714286,90.0,56.857142857142854,8.642857142857142,4.0,1,2.0,100.0,69.0,6.0,5.0,4.391566265060241,0.6566265060240963,0.25903614457831325,34,1.6746987951807228,0.8614457831325302,21,3.2228915662650603,33,5.0,0.46153846153846156,0.38461538461538464,21,0.9230769230769231,0.3076923076923077,13,3.1538461538461537,3,1
100,3,12,4,1497.209080707813,1439.334870654392,57.87421005342094,0.5825258007330427,18,0.8888888888888888,82.44444444444444,50.888888888888886,8.055555555555555,3.6666666666666665,6,0.0,48.5,28.833333333333332,3.3333333333333335,2.8333333333333335,3.293859649122807,0.5263157894736842,0.2412280701754386,33,1.1228070175438596,0.8859649122807017,24,3.043859649122807,34,1.922077922077922,0.2597402597402597,0.18181818181818182,12,0.8961038961038961,0.7142857142857143,19,2.2987012987012987,2,1
101,8,10,3,1465.4852198305668,1561.0799318218496,-95.5947119912828,0.3657977332592706,6,0.3333333333333333,86.16666666666667,51.666666666666664,7.333333333333333,3.6666666666666665,15,1.4666666666666666,89.0,56.0,8.8,3.933333333333333,3.7464788732394365,0.49295774647887325,0.23943661971830985,21,1.1549295774647887,0.8450704225352113,21,3.2816901408450705,15,4.386363636363637,0.6761363636363636,0.2556818181818182,34,1.6931818181818181,0.8465909090909091,21,3.1875,35,0
102,3,2,1,1505.5585646931522,1545.781529669552,-40.22296497639968,0.44237173295789534,19,0.9473684210526315,82.05263157894737,50.31578947368421,8.210526315789474,3.8947368421052633,13,1.3846153846153846,90.46153846153847,56.23076923076923,8.153846153846153,4.615384615384615,3.2024793388429753,0.5247933884297521,0.24793388429752067,33,1.1198347107438016,0.8801652892561983,24,2.9917355371900825,35,4.197452229299363,0.6369426751592356,0.35668789808917195,21,1.0828025477707006,0.7707006369426752,23,3.050955414012739,37,0
103,11,21,9,1552.565305351434,1500.0,52.56530535143406,0.5750755955061654,21,1.3333333333333333,85.23809523809524,54.0,7.523809523809524,4.428571428571429,0,0.5,0.0,0.0,0.0,0.0,3.96484375,0.5625,0.31640625,37,1.4375,0.70703125,20,2.84375,42,0.0,0.0,0.0,0,0.0,0.0,0,0.0,0,1
104,19,4,2,1484.1274287715148,1431.3570930267283,52.77033574478651,0.5753639800789004,6,0.6666666666666666,88.0,57.0,6.666666666666667,3.3333333333333335,13,0.3076923076923077,72.23076923076923,44.76923076923077,4.384615384615385,3.076923076923077,4.166666666666667,0.5,0.2222222222222222,47,1.3055555555555556,1.1944444444444444,23,3.2916666666666665,9,2.9751552795031055,0.2732919254658385,0.15527950310559005,30,1.2111801242236024,0.39751552795031053,23,2.701863354037267,16,0
105,5,16,3,1478.7036436698365,1583.6436759672856,-104.94003229744908,0.353410036232925,11,0.7272727272727273,76.0,44.81818181818182,7.818181818181818,3.0,21,1.5238095238095237,89.28571428571429,52.285714285714285,9.571428571428571,3.6666666666666665,3.3410852713178296,0.6124031007751938,0.17054263565891473,23,1.317829457364341,0.689922480620155,22,2.875968992248062,14,4.07563025210084,0.726890756302521,0.2815126050420168,29,1.6050420168067228,0.7436974789915967,22,3.2184873949579833,39,1
106,11,20,6,1561.0637934413107,1491.365614279048,69.6981791622627,0.5989795348871868,22,1.3636363636363635,84.86363636363636,53.77272727272727,7.681818181818182,4.409090909090909,1,0.0,90.0,54.0,7.0,2.0,3.962686567164179,0.5746268656716418,0.31343283582089554,37,1.3917910447761195,0.7014925373134329,20,2.824626865671642,44,4.083333333333333,0.5833333333333334,0.16666666666666666,16,1.75,0.75,12,3.3333333333333335,1,1
107,3,19,8,1496.7111300339943,1472.620149169937,24.09098086405743,0.5346142515716752,20,0.9,81.35,50.15,8.05,3.8,7,0.5714285714285714,84.0,54.42857142857143,6.285714285714286,3.0,3.2086614173228347,0.5118110236220472,0.24015748031496062,33,1.1377952755905512,0.8818897637795275,24,2.9606299212598426,37,3.9761904761904763,0.4642857142857143,0.20238095238095238,47,1.2261904761904763,1.0952380952380953,23,3.142857142857143,10,1
108,5,1,3,1491.635442945178,1607.754797077434,-116.11935413225592,0.3388469704034883,12,0.8333333333333334,78.83333333333333,46.083333333333336,7.916666666666667,3.4166666666666665,26,1.5384615384615385,91.15384615384616,57.42307692307692,8.038461538461538,5.8076923076923075,3.4714285714285715,0.6285714285714286,0.20714285714285716,23,1.4214285714285715,0.6857142857142857,22,2.9857142857142858,17,4.155063291139241,0.569620253164557,0.43354430379746833,26,1.2246835443037976,0.8354430379746836,25,3.151898734177215,62,0
109,5,10,1,1484.8585035371084,1568.395886487035,-83.53738294992672,0.38204438731675305,13,0.7692307692307693,77.15384615384616,45.15384615384615,7.615384615384615,3.3076923076923075,16,1.5,88.125,55.1875,8.6875,4.0,3.3815789473684212,0.6052631578947368,0.20394736842105263,23,1.375,0.6644736842105263,22,2.9539473684210527,18,4.252631578947368,0.6631578947368421,0.2578947368421053,34,1.6578947368421053,0.8105263157894737,21,3.1210526315789475,36,0
110,3,5,10,1506.0188450025607,1477.2176157907734,28.80122921178736,0.5413536187790307,21,0.9523809523809523,82.14285714285714,50.57142857142857,8.0,3.8095238095238093,14,0.7142857142857143,76.35714285714286,44.285714285714285,7.642857142857143,3.2857142857142856,3.1641791044776117,0.5,0.24253731343283583,33,1.1305970149253732,0.8656716417910447,24,2.962686567164179,40,3.180722891566265,0.5903614457831325,0.20481927710843373,23,1.3855421686746987,0.6385542168674698,22,2.9518072289156625,18,0
111,8,2,3,1458.1692651653814,1554.6289643287098,-96.45969916332842,0.3646433682443636,7,0.2857142857142857,81.14285714285714,48.57142857142857,6.714285714285714,3.7142857142857144,14,1.4285714285714286,89.57142857142857,55.5,8.142857142857142,4.714285714285714,3.4352941176470586,0.4470588235294118,0.2235294117647059,21,1.0705882352941176,0.788235294117647,21,3.1058823529411765,15,4.171597633136095,0.6390532544378699,0.3668639053254438,21,1.0591715976331362,0.7810650887573964,23,3.0118343195266273,39,0
112,16,1,7,1570.711876691944,1614.5317364855036,-43.819859793559544,0.4372704173938835,22,1.4545454545454546,89.54545454545455,51.95454545454545,9.818181818181818,3.727272727272727,27,1.5555555555555556,90.5925925925926,57.148148148148145,7.888888888888889,5.703703703703703,4.031872509960159,0.749003984063745,0.28286852589641437,29,1.5896414342629481,0.8047808764940239,22,3.258964143426295,41,4.1,0.5545454545454546,0.42424242424242425,26,1.1848484848484848,0.8121212121212121,25,3.1151515151515152,64,0
113,15,6,4,1440.6617863061583,1484.103386984263,-43.44160067810458,0.43780628079491724,13,0.46153846153846156,71.6923076923077,42.15384615384615,4.923076923076923,4.615384615384615,4,0.5,69.25,37.0,5.75,5.0,2.260355029585799,0.25443786982248523,0.2603550295857988,17,1.3372781065088757,0.5739644970414202,21,2.7455621301775146,17,2.2549019607843137,0.4117647058823529,0.35294117647058826,15,1.2745098039215685,0.6862745098039216,18,2.5098039215686274,3,0
114,10,15,7,1576.0367742333701,1431.90566069026,144.13111354311013,0.6962884017528056,17,1.5294117647058822,88.58823529411765,55.11764705882353,8.588235294117647,4.117647058823529,14,0.42857142857142855,70.42857142857143,40.714285714285715,4.714285714285714,4.714285714285714,4.2388059701492535,0.6616915422885572,0.2736318407960199,34,1.6318407960199004,0.8208955223880597,21,3.1243781094527363,38,2.1648351648351647,0.24725274725274726,0.2692307692307692,17,1.2747252747252746,0.5879120879120879,21,2.71978021978022,17,1
115,12,9,4,1430.9853866690528,1468.5348435897733,-37.54945692072056,0.4461714049618499,7,0.0,47.285714285714285,27.714285714285715,3.142857142857143,2.5714285714285716,14,0.7142857142857143,73.42857142857143,43.42857142857143,6.785714285714286,4.714285714285714,1.8021978021978022,0.23076923076923078,0.16483516483516483,12,0.9010989010989011,0.7142857142857143,19,2.2857142857142856,2,2.7966101694915255,0.4406779661016949,0.2937853107344633,25,1.1751412429378532,0.384180790960452,22,2.9717514124293785,22,0
116,9,11,2,1477.4582716890104,1569.084202743567,-91.62593105455653,0.3711138715735408,15,0.8,73.53333333333333,43.333333333333336,6.933333333333334,4.8,23,1.391304347826087,84.43478260869566,53.869565217391305,7.565217391304348,4.304347826086956,2.7842105263157895,0.45263157894736844,0.29473684210526313,25,1.1631578947368422,0.3684210526315789,22,2.9368421052631577,23,3.9361702127659575,0.5638297872340425,0.3049645390070922,37,1.3652482269503545,0.6914893617021277,20,2.7907801418439715,46,0
117,17,18,6,1482.0649242892182,1510.7170947380187,-28.65217044880046,0.4588594341992141,2,0.0,61.5,41.0,3.0,1.0,1,2.0,75.0,51.0,3.0,1.0,3.8421052631578947,0.3157894736842105,0.10526315789473684,19,1.9473684210526316,0.5789473684210527,10,2.6842105263157894,3,4.5,0.3,0.1,15,1.2,0.9,10,2.6,3,0
118,1,11,4,1623.2771448333813,1576.5064801750377,46.77066465834355,0.5669047422900098,28,1.5714285714285714,91.17857142857143,57.57142857142857,8.107142857142858,5.642857142857143,24,1.4166666666666667,84.125,53.791666666666664,7.416666666666667,4.458333333333333,4.075801749271137,0.5568513119533528,0.4110787172011662,26,1.2128279883381925,0.8250728862973761,25,3.1486880466472305,68,3.8986486486486487,0.5472972972972973,0.30743243243243246,37,1.320945945945946,0.6756756756756757,20,2.7635135135135136,48,1
119,22,4,9,1500.0,1442.8643726283062,57.13562737169377,0.5814914891792274,0,0.5,0.0,0.0,0.0,0.0,14,0.42857142857142855,72.42857142857143,44.714285714285715,4.357142857142857,3.142857142857143,0.0,0.0,0.0,0,0.0,0.0,0,0.0,0,3.0348837209302326,0.27325581395348836,0.1686046511627907,30,1.2616279069767442,0.42441860465116277,23,2.6744186046511627,18,1
120,1,2,2,1631.939049987581,1561.9218316935971,70.01721829398389,0.599420596348411,29,1.5862068965517242,90.62068965517241,56.93103448275862,7.9655172413793105,5.551724137931035,15,1.4666666666666666,90.4,56.333333333333336,7.933333333333334,4.733333333333333,4.073863636363637,0.5539772727272727,0.4090909090909091,26,1.2102272727272727,0.8125,25,3.133522727272727,69,4.169398907103825,0.6120218579234973,0.366120218579235,25,1.0874316939890711,0.7540983606557377,23,3.0437158469945356,41,0
121,6,9,4,1492.8595126001612,1470.0359942575396,22.823518342621583,0.5327985176691148,5,0.8,70.4,39.4,6.0,5.0,16,0.75,73.0,43.75,6.75,4.6875,2.4461538461538463,0.4153846153846154,0.3384615384615385,15,1.2307692307692308,0.6307692307692307,18,2.4153846153846152,5,2.803921568627451,0.4362745098039216,0.28431372549019607,25,1.1862745098039216,0.36764705882352944,22,2.906862745098039,25,1
122,9,1,3,1460.691964610922,1619.9506380606128,-159.25867344969083,0.28561717589161356,17,0.7058823529411765,71.6470588235294,42.76470588235294,6.411764705882353,4.529411764705882,30,1.5333333333333334,91.06666666666666,57.3,7.866666666666666,5.433333333333334,2.794392523364486,0.4205607476635514,0.2803738317757009,25,1.2009345794392523,0.3644859813084112,22,2.9018691588785046,26,4.1208791208791204,0.5494505494505495,0.4010989010989011,27,1.2225274725274726,0.8131868131868132,25,3.1483516483516483,72,0
123,8,5,10,1450.876397800494,1488.044688166354,-37.16829036586,0.44671365390645834,8,0.25,82.75,49.375,6.5,3.5,15,0.8,78.46666666666667,45.266666666666666,7.866666666666666,3.8666666666666667,3.316326530612245,0.42857142857142855,0.21428571428571427,21,1.0918367346938775,0.7551020408163265,21,3.13265306122449,17,3.241573033707865,0.6067415730337079,0.24719101123595505,23,1.4438202247191012,0.6292134831460674,22,2.99438202247191,20,1
124,2,15,7,1573.9102436205653,1425.831428725316,148.07881489524925,0.7010724880797466,16,1.5,91.5,57.5625,7.625,4.6875,15,0.4,68.2,39.6,4.533333333333333,4.466666666666667,4.218274111675127,0.583756345177665,0.3604060913705584,33,1.1269035532994924,0.7461928934010152,23,3.0862944162436547,43,2.1122448979591835,0.23979591836734693,0.25,17,1.280612244897959,0.5969387755102041,21,2.688775510204082,17,1
125,2,15,8,1579.8887938589703,1419.852878486911,160.0359153720592,0.7152948562567633,17,1.5294117647058822,90.52941176470588,56.88235294117647,7.705882352941177,4.705882352941177,16,0.375,66.75,39.125,4.3125,4.1875,4.128571428571429,0.5857142857142857,0.3619047619047619,33,1.119047619047619,0.7285714285714285,23,3.066666666666667,44,2.033333333333333,0.22857142857142856,0.23333333333333334,17,1.2476190476190476,0.580952380952381,21,2.6714285714285713,17,1
126,2,3,3,1585.582896733835,1495.19177262698,90.39112410685493,0.6272256616483471,18,1.5555555555555556,89.72222222222223,56.111111111111114,7.611111111111111,4.777777777777778,22,0.9090909090909091,82.72727272727273,50.68181818181818,8.136363636363637,3.772727272727273,4.03125,0.5625,0.36160714285714285,33,1.1071428571428572,0.7276785714285714,23,3.03125,45,3.2,0.5071428571428571,0.2392857142857143,33,1.1785714285714286,0.8964285714285715,24,3.017857142857143,42,1
127,4,16,8,1434.4942024118907,1561.9664683440665,-127.47226593217579,0.32436373246826256,15,0.4,70.6,43.53333333333333,4.333333333333333,3.0,23,1.391304347826087,90.1304347826087,52.95652173913044,9.826086956521738,3.6956521739130435,2.918918918918919,0.2648648648648649,0.15675675675675677,30,1.2108108108108109,0.4540540540540541,23,2.637837837837838,18,4.164750957854406,0.7586206896551724,0.2835249042145594,29,1.578544061302682,0.8275862068965517,22,3.3026819923371646,44,1
128,10,3,3,1582.111006198314,1487.736285859947,94.37472033836707,0.6325715103955348,18,1.5555555555555556,87.83333333333333,54.666666666666664,8.444444444444445,4.222222222222222,23,0.8695652173913043,83.26086956521739,50.52173913043478,8.130434782608695,3.869565217391304,4.172897196261682,0.6448598130841121,0.2803738317757009,34,1.574766355140187,0.7897196261682243,21,3.0841121495327104,40,3.219178082191781,0.5068493150684932,0.25,33,1.202054794520548,0.9075342465753424,24,3.0547945205479454,44,0
129,15,10,3,1414.1587756120464,1569.4595759904034,-155.30080037835705,0.29028850487707464,17,0.35294117647058826,66.82352941176471,39.11764705882353,4.470588235294118,4.0588235294117645,19,1.4736842105263157,87.52631578947368,54.526315789473685,8.631578947368421,4.0,2.063063063063063,0.23423423423423423,0.22972972972972974,17,1.2522522522522523,0.6126126126126126,21,2.644144144144144,18,4.176991150442478,0.6637168141592921,0.26548672566371684,34,1.5619469026548674,0.827433628318584,21,3.101769911504425,42,0
130,8,19,3,1461.942124722365,1463.3124342013705,-1.3703094790055275,0.4980279763634059,9,0.4444444444444444,85.77777777777777,50.888888888888886,6.888888888888889,3.6666666666666665,8,0.5,84.25,53.875,6.375,3.25,3.390909090909091,0.42727272727272725,0.22727272727272727,32,1.1545454545454545,0.7545454545454545,21,3.2,18,3.814432989690722,0.4742268041237113,0.2268041237113402,47,1.1855670103092784,1.0515463917525774,23,3.1237113402061856,13,1
131,9,3,8,1454.9796210930897,1500.3877160678576,-45.40809497476789,0.43502204456871163,18,0.6666666666666666,70.55555555555556,41.833333333333336,6.166666666666667,4.277777777777778,24,0.9166666666666666,83.75,50.5,7.958333333333333,4.041666666666667,2.7224669603524227,0.4052863436123348,0.2643171806167401,25,1.2114537444933922,0.3700440528634361,22,2.881057268722467,26,3.239344262295082,0.4918032786885246,0.26557377049180325,33,1.2131147540983607,0.9245901639344263,24,3.055737704918033,47,0
132,6,10,4,1502.2035422467789,1575.2653460879449,-73.06180384116601,0.3963785555217354,6,1.0,71.16666666666667,39.833333333333336,7.0,5.333333333333333,20,1.5,87.0,54.35,8.7,3.9,2.5316455696202533,0.4810126582278481,0.34177215189873417,15,1.1898734177215189,0.6075949367088608,18,2.392405063291139,7,4.163865546218488,0.6722689075630253,0.2605042016806723,34,1.546218487394958,0.8277310924369747,21,3.0714285714285716,44,0
133,10,3,5,1583.1929171983795,1509.0881569592318,74.10476023914771,0.6050570174056665,21,1.5238095238095237,86.52380952380952,53.61904761904762,8.761904761904763,3.761904761904762,25,0.96,83.4,50.48,7.88,4.04,4.17004048582996,0.6882591093117408,0.2550607287449393,34,1.591093117408907,0.8178137651821862,22,3.0566801619433197,45,3.227129337539432,0.4921135646687697,0.26498422712933756,33,1.2176656151419558,0.9085173501577287,24,3.028391167192429,49,1
134,11,5,8,1567.844575020838,1476.9789612444831,90.86561377635485,0.627864073768387,25,1.36,83.0,53.04,7.28,4.36,16,0.75,79.3125,46.5625,8.0625,3.75,3.8534201954397393,0.5407166123778502,0.30293159609120524,37,1.3029315960912051,0.6742671009771987,20,2.752442996742671,49,3.375661375661376,0.6243386243386243,0.24338624338624337,25,1.4603174603174602,0.6613756613756614,22,3.0634920634920637,23,1
135,2,10,3,1593.0383835008681,1591.0917768502661,1.946606650602007,0.5028013628471044,19,1.5789473684210527,90.52631578947368,56.8421052631579,7.7368421052631575,4.7368421052631575,22,1.5454545454545454,86.0,53.09090909090909,8.590909090909092,3.909090909090909,3.96218487394958,0.5630252100840336,0.3445378151260504,33,1.1470588235294117,0.7142857142857143,23,3.1134453781512605,48,4.112403100775194,0.6782945736434108,0.2596899224806202,34,1.6124031007751938,0.810077519379845,22,3.0310077519379846,46,1
136,4,9,8,1448.0069277625255,1446.2791802017155,1.7277475608100303,0.5024864081155519,16,0.5,72.375,44.0,4.6875,3.125,19,0.631578947368421,69.57894736842105,41.36842105263158,6.052631578947368,4.2631578947368425,3.010204081632653,0.3010204081632653,0.17346938775510204,30,1.219387755102041,0.4846938775510204,23,2.704081632653061,21,2.698744769874477,0.39748953974895396,0.2594142259414226,25,1.1799163179916319,0.35564853556485354,22,2.8702928870292888,27,0
137,16,10,7,1548.4537429934317,1581.1478041072082,-32.69406111377657,0.45308785144149283,24,1.3333333333333333,90.16666666666667,52.333333333333336,9.833333333333334,3.7083333333333335,23,1.4782608695652173,85.78260869565217,52.95652173913044,8.347826086956522,3.869565217391304,4.125461254612546,0.7564575645756457,0.28413284132841327,29,1.5867158671586716,0.8487084870848709,22,3.2988929889298895,45,4.103703703703704,0.6592592592592592,0.25555555555555554,34,1.5851851851851853,0.7814814814814814,22,3.0444444444444443,47,0
138,20,16,6,1483.3452049767918,1539.3919859646019,-56.04678098781005,0.4200346369597971,2,0.0,69.0,40.0,5.5,2.5,25,1.28,90.36,52.56,9.88,3.72,2.68,0.4,0.16,16,1.04,0.6,13,2.84,2,4.130742049469965,0.7526501766784452,0.2826855123674912,29,1.6395759717314489,0.8621908127208481,22,3.314487632508834,47,0
139,5,4,3,1469.5362427198509,1437.9571996002144,31.57904311963648,0.5453211607213024,17,0.7058823529411765,78.0,46.0,7.882352941176471,3.6470588235294117,17,0.47058823529411764,70.6470588235294,42.470588235294116,4.764705882352941,3.0,3.3333333333333335,0.6119402985074627,0.23383084577114427,25,1.4676616915422886,0.6766169154228856,22,3.0348258706467663,24,2.918269230769231,0.3076923076923077,0.16826923076923078,30,1.1634615384615385,0.47596153846153844,23,2.6923076923076925,22,0
140,5,9,4,1458.6298195054248,1456.3289083640266,2.3009111413982737,0.5033112289009837,18,0.6666666666666666,76.88888888888889,45.388888888888886,7.722222222222222,3.7222222222222223,20,0.7,69.85,41.1,6.1,4.45,3.2710280373831777,0.5934579439252337,0.24299065420560748,25,1.4158878504672898,0.6542056074766355,22,3.0,25,2.7419354838709675,0.4112903225806452,0.28225806451612906,25,1.1693548387096775,0.3629032258064516,22,2.8669354838709675,28,0
141,9,19,3,1466.3951329420463,1453.2729937286385,13.122139213407763,0.5188753022144966,21,0.7619047619047619,71.14285714285714,41.666666666666664,6.095238095238095,4.619047619047619,9,0.4444444444444444,81.44444444444444,52.111111111111114,5.777777777777778,3.2222222222222223,2.8192307692307694,0.4153846153846154,0.29615384615384616,25,1.1923076923076923,0.38461538461538464,22,2.8846153846153846,32,3.623853211009174,0.43119266055045874,0.22018348623853212,47,1.165137614678899,1.1009174311926606,23,3.036697247706422,14,0
142,6,1,1,1494.2759711363442,1625.6629815784452,-131.38701044210097,0.31944480381469625,7,0.8571428571428571,70.85714285714286,40.0,7.285714285714286,4.857142857142857,31,1.5483870967741935,90.54838709677419,57.064516129032256,7.806451612903226,5.387096774193548,2.5483870967741935,0.5053763440860215,0.3118279569892473,15,1.1505376344086022,0.6344086021505376,18,2.3870967741935485,9,4.063492063492063,0.5423280423280423,0.3915343915343915,27,1.1904761904761905,0.7936507936507936,25,3.1084656084656084,73,1
143,9,1,7,1456.0176268977564,1612.0518776547392,-156.03425075698283,0.28941943818452376,22,0.7272727272727273,71.5,41.54545454545455,6.409090909090909,4.545454545454546,32,1.5,91.0,57.25,7.875,5.40625,2.7992700729927007,0.4343065693430657,0.291970802919708,25,1.2007299270072993,0.39416058394160586,22,2.8905109489051095,33,4.131782945736434,0.5555555555555556,0.3979328165374677,27,1.2144702842377262,0.8113695090439277,25,3.136950904392765,77,0
144,5,2,7,1448.5635949274051,1602.982356243926,-154.4187613165209,0.29133567427188495,19,0.631578947368421,77.10526315789474,45.8421052631579,7.7368421052631575,3.6315789473684212,20,1.6,90.35,57.1,7.8,4.7,3.2831858407079646,0.5929203539823009,0.2345132743362832,25,1.4469026548672566,0.6371681415929203,22,3.0353982300884956,26,3.9322709163346614,0.5657370517928287,0.3426294820717131,33,1.1394422310756973,0.7330677290836654,23,3.1274900398406373,51,0
145,10,8,3,1590.209561136038,1471.981565195097,118.22799594094113,0.6638670310927107,24,1.5,86.33333333333333,53.083333333333336,8.375,3.9166666666666665,10,0.6,85.3,51.2,7.0,3.4,4.109929078014185,0.6631205673758865,0.2624113475177305,34,1.6028368794326242,0.7907801418439716,22,3.074468085106383,49,3.4227642276422765,0.43902439024390244,0.21138211382113822,32,1.1300813008130082,0.7317073170731707,21,3.1219512195121952,21,1
146,3,1,3,1501.1892973073452,1617.8402664184296,-116.65096911108435,0.33816172829694374,26,0.9230769230769231,82.11538461538461,49.38461538461539,7.6923076923076925,4.038461538461538,33,1.5151515151515151,90.51515151515152,56.878787878787875,7.848484848484849,5.393939393939394,3.123867069486405,0.48036253776435045,0.2628398791540785,33,1.229607250755287,0.8972809667673716,24,2.996978851963746,49,4.148989898989899,0.5580808080808081,0.4015151515151515,27,1.2121212121212122,0.8055555555555556,25,3.128787878787879,79,0
147,23,11,1,1500.0,1575.2872935454702,-75.28729354547022,0.3933174801218584,0,0.5,0.0,0.0,0.0,0.0,26,1.3846153846153846,82.8076923076923,52.80769230769231,7.346153846153846,4.3076923076923075,0.0,0.0,0.0,0,0.0,0.0,0,0.0,0,3.852664576802508,0.54858934169279,0.30094043887147337,37,1.322884012539185,0.664576802507837,20,2.7335423197492164,50,0
148,3,6,4,1494.4260627414064,1507.8870750600502,-13.461012318643725,0.48063773326305975,27,0.8888888888888888,81.14814814814815,48.851851851851855,7.555555555555555,3.925925925925926,8,1.0,75.125,41.375,8.0,5.125,3.081159420289855,0.463768115942029,0.25217391304347825,33,1.2318840579710144,0.8898550724637682,24,2.973913043478261,50,2.7333333333333334,0.5714285714285714,0.34285714285714286,22,1.2,0.6952380952380952,20,2.4857142857142858,11,1
149,11,16,2,1583.1536431479074,1547.7926787037977,35.36096444410964,0.5507135328262978,27,1.4074074074074074,82.66666666666667,52.629629629629626,7.481481481481482,4.37037037037037,26,1.3076923076923077,89.76923076923077,52.26923076923077,9.884615384615385,3.730769230769231,3.8343373493975905,0.5572289156626506,0.3042168674698795,37,1.3042168674698795,0.6656626506024096,20,2.7259036144578315,52,4.105084745762712,0.7559322033898305,0.2847457627118644,29,1.5932203389830508,0.8610169491525423,22,3.2745762711864406,48,1
150,16,2,8,1538.8069493603236,1608.8090697293637,-70.00212036904009,0.40060027242813534,27,1.2592592592592593,88.48148148148148,51.666666666666664,9.666666666666666,3.6666666666666665,21,1.619047619047619,89.61904761904762,56.666666666666664,7.666666666666667,4.714285714285714,4.049019607843137,0.7418300653594772,0.28104575163398693,29,1.6176470588235294,0.8790849673202614,22,3.2516339869281046,49,3.9053030303030303,0.5568181818181818,0.3446969696969697,33,1.121212121212121,0.7272727272727273,23,3.087121212121212,53,0
151,19,1,3,1463.6504997729285,1624.6035009843683,-160.95300121143987,0.2836312736102872,10,0.6,82.9,52.6,6.5,3.1,34,1.5294117647058822,90.11764705882354,56.64705882352941,7.911764705882353,5.294117647058823,3.5289256198347108,0.4380165289256198,0.2066115702479339,47,1.140495867768595,1.0495867768595042,23,3.0330578512396693,16,4.1222493887530565,0.5647921760391198,0.39364303178484106,27,1.2004889975550121,0.8019559902200489,25,3.1051344743276283,81,0
152,2,10,1,1616.8210751779263,1596.9322205141839,19.88885466374245,0.52859113882734,22,1.6363636363636365,89.9090909090909,56.68181818181818,7.909090909090909,4.818181818181818,25,1.52,86.72,53.24,8.44,3.96,3.862815884476534,0.5703971119133574,0.34657039711191334,33,1.151624548736462,0.7364620938628159,23,3.0938628158844765,55,4.091525423728814,0.6576271186440678,0.2576271186440678,34,1.5864406779661018,0.7932203389830509,22,3.0610169491525423,51,0
153,16,11,6,1530.794943911761,1592.1393724913814,-61.3444285796204,0.4126243578004654,28,1.2142857142857142,88.35714285714286,51.5,9.607142857142858,3.6785714285714284,28,1.4285714285714286,82.39285714285714,52.25,7.535714285714286,4.428571428571429,4.056962025316456,0.7436708860759493,0.2848101265822785,29,1.6518987341772151,0.9208860759493671,22,3.2531645569620253,52,3.8421052631578947,0.5555555555555556,0.30994152046783624,37,1.3099415204678362,0.6695906432748538,20,2.719298245614035,53,0
154,9,4,3,1450.229238134066,1448.8636228146404,1.3656153194256149,0.5019652683026483,23,0.6956521739130435,70.73913043478261,41.08695652173913,6.391304347826087,4.521739130434782,18,0.5555555555555556,70.88888888888889,42.5,4.833333333333333,3.0555555555555554,2.806338028169014,0.44014084507042256,0.29577464788732394,25,1.2077464788732395,0.38028169014084506,22,2.887323943661972,33,2.981651376146789,0.3211009174311927,0.1743119266055046,30,1.1422018348623852,0.4724770642201835,23,2.688073394495413,23,1
155,4,19,7,1438.9029281806934,1457.9778743007228,-19.07494612002938,0.4725764940384712,19,0.5263157894736842,69.89473684210526,41.578947368421055,4.894736842105263,3.0526315789473686,11,0.5454545454545454,80.45454545454545,50.90909090909091,6.090909090909091,3.090909090909091,2.903930131004367,0.3318777292576419,0.1703056768558952,30,1.1441048034934498,0.4759825327510917,23,2.685589519650655,23,3.3656716417910446,0.40298507462686567,0.19402985074626866,47,1.1567164179104477,0.9850746268656716,23,2.9402985074626864,16,1
156,12,5,6,1422.0619585698157,1442.7368814419674,-20.674922872151683,0.4702814648187055,8,0.0,47.75,28.0,3.0,2.75,20,0.6,76.3,45.35,7.55,3.65,1.8349514563106797,0.22330097087378642,0.17475728155339806,12,0.9223300970873787,0.7378640776699029,19,2.2718446601941746,2,3.196652719665272,0.5732217573221757,0.2301255230125523,25,1.4225941422594142,0.6317991631799164,22,3.0,27,0
157,1,2,4,1630.276126456574,1606.2492524013796,24.026874055194412,0.5345224354359814,35,1.542857142857143,89.68571428571428,56.2,7.914285714285715,5.314285714285714,23,1.565217391304348,90.91304347826087,56.95652173913044,8.173913043478262,4.739130434782608,4.040189125295508,0.5555555555555556,0.3900709219858156,27,1.1820330969267139,0.7919621749408984,25,3.0732860520094563,82,3.906574394463668,0.5951557093425606,0.34256055363321797,33,1.1591695501730104,0.7854671280276817,23,3.121107266435986,58,1
158,1,3,3,1639.5856777478543,1504.8133080761452,134.77236967170916,0.6847768295662049,36,1.5555555555555556,90.33333333333333,56.583333333333336,7.861111111111111,5.277777777777778,28,0.9285714285714286,81.64285714285714,49.214285714285715,7.535714285714286,3.9642857142857144,4.027522935779817,0.5481651376146789,0.3853211009174312,27,1.1995412844036697,0.7935779816513762,25,3.0894495412844036,85,3.1176470588235294,0.4677871148459384,0.25770308123249297,33,1.26890756302521,0.9187675070028011,24,3.0028011204481793,52,1
159,3,9,3,1498.5088446674692,1460.189932768013,38.318911899456225,0.5549228329950888,29,0.896551724137931,80.72413793103448,48.6551724137931,7.413793103448276,3.8620689655172415,24,0.75,70.91666666666667,41.333333333333336,6.375,4.625,3.086720867208672,0.46070460704607047,0.25203252032520324,33,1.2601626016260163,0.9105691056910569,24,2.97289972899729,53,2.7684563758389262,0.436241610738255,0.2986577181208054,25,1.238255033557047,0.39932885906040266,22,2.8624161073825505,33,1
160,1,3,8,1645.8901411565303,1507.4103880075675,138.4797531489628,0.6893652663243718,37,1.5675675675675675,89.91891891891892,56.32432432432432,7.756756756756757,5.297297297297297,30,0.9333333333333333,80.56666666666666,48.5,7.433333333333334,3.8666666666666667,4.0,0.5436241610738255,0.38926174496644295,27,1.196868008948546,0.7897091722595079,25,3.0738255033557045,85,3.06282722513089,0.46596858638743455,0.25392670157068065,33,1.2539267015706805,0.8952879581151832,24,2.9554973821989527,54,1
161,8,2,3,1465.258905816951,1596.9397011100993,-131.68079529314832,0.3190772579140079,11,0.5454545454545454,85.63636363636364,51.0,7.090909090909091,3.5454545454545454,24,1.5,91.54166666666667,57.5,8.25,4.75,3.466666666666667,0.45925925925925926,0.22962962962962963,32,1.1037037037037036,0.762962962962963,21,3.1481481481481484,23,3.98,0.6,0.3466666666666667,33,1.18,0.8,23,3.1433333333333335,61,1
162,2,16,6,1583.3212462683796,1522.5424567557518,60.77878951262778,0.5865862568165026,25,1.44,90.64,57.0,8.12,4.72,29,1.1724137931034482,87.27586206896552,50.724137931034484,9.551724137931034,3.6206896551724137,3.9456869009584663,0.5814696485623003,0.33865814696485624,33,1.1884984025559104,0.8210862619808307,23,3.1246006389776357,63,4.0184049079754605,0.7423312883435583,0.2791411042944785,29,1.638036809815951,0.9294478527607362,22,3.236196319018405,53,0
163,10,3,4,1607.5040432907306,1501.197693334055,106.3063499566756,0.648385162560929,26,1.5384615384615385,87.73076923076923,54.03846153846154,8.307692307692308,4.115384615384615,31,0.9032258064516129,80.54838709677419,48.483870967741936,7.354838709677419,3.774193548387097,4.153094462540716,0.6482084690553745,0.2736156351791531,34,1.6547231270358307,0.8273615635179153,22,3.1042345276872965,55,3.047979797979798,0.45707070707070707,0.2474747474747475,33,1.2525252525252526,0.8914141414141414,24,2.952020202020202,57,0
164,12,5,4,1412.6563292734415,1452.1425107383416,-39.48618146490003,0.44341821855445035,9,0.0,54.55555555555556,30.88888888888889,3.7777777777777777,3.111111111111111,21,0.6666666666666666,78.0952380952381,46.285714285714285,7.523809523809524,3.8095238095238093,1.9059829059829059,0.2564102564102564,0.1794871794871795,12,1.0,0.7777777777777778,19,2.41025641025641,4,3.2222222222222223,0.5674603174603174,0.23412698412698413,25,1.4365079365079365,0.6468253968253969,22,3.0555555555555554,29,0
165,11,3,4,1600.3918596473907,1514.1653965852736,86.22646306211709,0.6216034010146233,29,1.4482758620689655,82.13793103448276,51.89655172413793,7.689655172413793,4.517241379310345,32,0.9375,80.90625,48.75,7.3125,3.84375,3.8271954674220963,0.5722379603399433,0.32011331444759206,37,1.291784702549575,0.6685552407932012,20,2.71671388101983,55,3.090909090909091,0.44963144963144963,0.25307125307125306,33,1.285012285012285,0.9115479115479116,24,2.958230958230958,60,0
166,4,9,10,1449.451398299924,1451.2883894279148,-1.8369911279908138,0.49735638189236425,20,0.6,70.15,41.85,5.05,3.15,25,0.72,70.36,41.0,6.32,4.64,2.8683127572016462,0.3333333333333333,0.17695473251028807,30,1.139917695473251,0.49382716049382713,23,2.654320987654321,25,2.7491961414790995,0.4340836012861736,0.3022508038585209,25,1.234726688102894,0.3987138263665595,22,2.842443729903537,34,1
167,19,3,7,1447.4294041814921,1526.597464605566,-79.16806042407393,0.38799975149157817,12,0.5,77.91666666666667,48.833333333333336,5.916666666666667,2.8333333333333335,33,0.9696969696969697,81.60606060606061,49.21212121212121,7.393939393939394,3.8484848484848486,3.1554054054054053,0.3918918918918919,0.17567567567567569,47,1.1013513513513513,0.9662162162162162,23,2.8513513513513513,16,3.0978520286396183,0.4510739856801909,0.25059665871121717,33,1.3007159904534606,0.9212410501193318,24,2.983293556085919,63,0
168,11,1,7,1587.9597916270982,1652.1028358300427,-64.14304420294457,0.4087253916115286,30,1.4,82.9,52.2,7.733333333333333,4.633333333333334,38,1.5789473684210527,90.02631578947368,56.421052631578945,7.7631578947368425,5.342105263157895,3.8763736263736264,0.5796703296703297,0.3324175824175824,37,1.2857142857142858,0.6785714285714286,20,2.7527472527472527,57,4.041575492341357,0.5492341356673961,0.39606126914660833,27,1.1925601750547046,0.7833698030634574,25,3.0919037199124726,88,0
169,1,10,8,1660.2773436622733,1594.536340039512,65.74100362276135,0.5934957423458628,39,1.5897435897435896,90.64102564102564,56.97435897435897,7.82051282051282,5.256410256410256,27,1.4814814814814814,87.81481481481481,53.851851851851855,8.481481481481481,4.0,4.070362473347548,0.5501066098081023,0.39019189765458423,35,1.2260127931769722,0.8208955223880597,25,3.115138592750533,91,4.1835443037974684,0.6708860759493671,0.2689873417721519,34,1.6740506329113924,0.8259493670886076,22,3.1265822784810124,58,0
170,1,16,4,1648.407428815356,1534.2741818920817,114.13324692327433,0.6585870089219484,40,1.55,90.9,57.0,7.875,5.3,30,1.2,87.86666666666666,51.233333333333334,9.533333333333333,3.7,4.080912863070539,0.5560165975103735,0.3941908713692946,35,1.2302904564315353,0.8257261410788381,25,3.141078838174274,94,4.059171597633136,0.7396449704142012,0.28402366863905326,29,1.6183431952662721,0.9319526627218935,22,3.272189349112426,56,1
171,10,18,6,1606.4062548864292,1519.894283422003,86.51197146442632,0.6219898999583632,28,1.5,88.53571428571429,54.107142857142854,8.5,4.035714285714286,2,2.0,86.5,58.0,4.5,3.0,4.229357798165138,0.6758409785932722,0.27522935779816515,34,1.6666666666666667,0.8685015290519877,22,3.159021406727829,60,4.478260869565218,0.2608695652173913,0.21739130434782608,28,1.8695652173913044,0.7391304347826086,15,2.6956521739130435,5,0
172,5,11,2,1461.0108751094306,1579.7852837948676,-118.77440868543704,0.3354314415971989,22,0.7272727272727273,77.95454545454545,46.09090909090909,7.681818181818182,3.909090909090909,31,1.3548387096774193,83.7741935483871,52.903225806451616,7.806451612903226,4.612903225806452,3.1735849056603773,0.569811320754717,0.2339622641509434,25,1.4188679245283018,0.6490566037735849,22,3.0113207547169814,30,3.9361702127659575,0.5877659574468085,0.3271276595744681,37,1.3324468085106382,0.6914893617021277,20,2.7898936170212765,61,1
173,6,2,6,1497.4998297253114,1571.5895211320496,-74.08969140673821,0.39496371119387835,9,0.8888888888888888,78.66666666666667,43.55555555555556,8.222222222222221,5.111111111111111,26,1.3846153846153846,90.88461538461539,57.11538461538461,8.038461538461538,4.730769230769231,2.9482758620689653,0.5948275862068966,0.35344827586206895,22,1.3706896551724137,0.8275862068965517,20,2.6206896551724137,13,3.938650306748466,0.5766871165644172,0.3343558282208589,33,1.1809815950920246,0.852760736196319,23,3.1564417177914113,67,0
174,1,5,4,1655.235688636917,1474.3022462774866,180.9334423594305,0.7391463887273493,41,1.5609756097560976,91.0,57.24390243902439,7.926829268292683,5.2439024390243905,23,0.782608695652174,78.47826086956522,46.52173913043478,7.869565217391305,3.9130434782608696,4.093117408906883,0.5587044534412956,0.39068825910931176,35,1.2348178137651822,0.8319838056680162,25,3.1477732793522266,98,3.2427536231884058,0.5905797101449275,0.2391304347826087,25,1.4166666666666667,0.6557971014492754,22,3.0434782608695654,32,1
175,5,4,3,1469.0851740520336,1459.5042706620768,9.580903389956802,0.513784534405351,24,0.75,78.83333333333333,46.166666666666664,8.208333333333334,3.75,21,0.6666666666666666,71.42857142857143,42.61904761904762,5.0,3.3333333333333335,3.229965156794425,0.6132404181184669,0.22996515679442509,25,1.4250871080139373,0.6515679442508711,22,3.059233449477352,33,2.97244094488189,0.3346456692913386,0.1968503937007874,31,1.1496062992125984,0.5118110236220472,23,2.688976377952756,27,1
176,2,3,10,1579.488795355927,1534.3574596353976,45.13133572052948,0.5645863529044133,27,1.4074074074074074,91.88888888888889,57.55555555555556,8.222222222222221,4.62962962962963,34,1.0,81.41176470588235,49.0,7.294117647058823,4.0,4.002958579881657,0.5946745562130178,0.32840236686390534,33,1.1952662721893492,0.8905325443786982,23,3.1745562130177514,70,3.066974595842956,0.44341801385681295,0.25635103926096997,33,1.300230946882217,0.9006928406466512,24,2.9584295612009237,64,1
177,16,1,2,1527.4459220705207,1660.45276086237,-133.0068387918493,0.31742108496098115,31,1.1612903225806452,88.06451612903226,51.193548387096776,9.64516129032258,3.7096774193548385,42,1.5714285714285714,91.23809523809524,57.476190476190474,7.928571428571429,5.261904761904762,4.07163323782235,0.7535816618911175,0.2808022922636103,29,1.5988538681948423,0.9226361031518625,22,3.2664756446991405,59,4.061143984220907,0.5562130177514792,0.3905325443786982,35,1.2366863905325445,0.8303747534516766,25,3.1499013806706113,100,0
178,3,5,1,1525.649186693486,1478.8094833639266,46.83970332955937,0.567002315386264,35,0.9714285714285714,81.48571428571428,49.02857142857143,7.314285714285714,3.942857142857143,25,0.8,79.92,46.68,8.36,3.96,3.07847533632287,0.44170403587443946,0.24887892376681614,33,1.295964125560538,0.905829596412556,24,2.968609865470852,66,3.250836120401338,0.6187290969899666,0.2508361204013378,25,1.4247491638795986,0.6722408026755853,22,3.0903010033444818,35,0
179,10,19,10,1593.966456887262,1439.6694091516606,154.29704773560138,0.7085196510729747,29,1.4482758620689655,88.13793103448276,54.206896551724135,8.379310344827585,4.0344827586206895,13,0.46153846153846156,74.6923076923077,46.61538461538461,5.615384615384615,2.769230769230769,4.244837758112094,0.6666666666666666,0.27728613569321536,34,1.710914454277286,0.8849557522123894,22,3.1533923303834808,62,2.932098765432099,0.35802469135802467,0.16049382716049382,47,1.0432098765432098,0.9567901234567902,23,2.7777777777777777,16,1
180,11,8,5,1566.4939126268116,1478.8773606586708,87.61655196814081,0.6234837314363549,32,1.3125,83.78125,52.875,7.75,4.53125,12,0.6666666666666666,84.91666666666667,50.5,7.416666666666667,3.5,3.922879177377892,0.5784061696658098,0.31876606683804626,37,1.3161953727506426,0.6838046272493573,20,2.8071979434447303,62,3.4149659863945576,0.48299319727891155,0.23129251700680273,32,1.0680272108843538,0.7755102040816326,21,3.0816326530612246,24,1
181,16,1,10,1521.097500371301,1666.8011825615897,-145.70368219028865,0.3018006809996941,32,1.125,87.3125,50.59375,9.5,3.6875,43,1.5813953488372092,91.0,57.16279069767442,8.069767441860465,5.232558139534884,4.016666666666667,0.7361111111111112,0.2777777777777778,29,1.6,0.9083333333333333,22,3.2555555555555555,59,4.0442307692307695,0.5692307692307692,0.38846153846153847,35,1.226923076923077,0.8211538461538461,25,3.1307692307692307,102,0
182,1,2,10,1672.8371961815835,1588.1970682978388,84.64012788374475,0.6194531420597768,44,1.5909090909090908,90.63636363636364,56.75,8.068181818181818,5.159090909090909,28,1.4285714285714286,92.0,57.642857142857146,8.392857142857142,4.75,4.009380863039399,0.5703564727954972,0.3827392120075047,35,1.2195121951219512,0.8161350844277674,25,3.1181988742964353,103,4.034285714285715,0.6114285714285714,0.34,33,1.1942857142857144,0.88,23,3.1742857142857144,72,1
183,4,1,9,1449.7799613501838,1680.448133340388,-230.6681719902042,0.2095180821201292,22,0.6363636363636364,72.31818181818181,42.90909090909091,4.863636363636363,3.3636363636363638,45,1.6,90.66666666666667,56.8,8.022222222222222,5.088888888888889,2.985074626865672,0.3208955223880597,0.20149253731343283,31,1.1455223880597014,0.5186567164179104,23,2.753731343283582,28,4.027522935779817,0.5688073394495413,0.3779816513761468,35,1.2330275229357799,0.8146788990825689,25,3.1192660550458715,106,0
184,2,8,3,1580.5861311390343,1471.3470352873978,109.23909585163642,0.6522242988134084,29,1.3793103448275863,91.79310344827586,57.48275862068966,8.275862068965518,4.689655172413793,13,0.6153846153846154,84.61538461538461,50.53846153846154,7.384615384615385,3.3076923076923075,4.038674033149171,0.5966850828729282,0.3370165745856354,33,1.1933701657458564,0.8839779005524862,23,3.1629834254143647,74,3.3625,0.46875,0.21875,32,1.0875,0.7375,21,3.10625,26,1
185,2,6,1,1587.5416451627661,1489.600555501434,97.94108966133217,0.6373299971552191,30,1.4,91.33333333333333,57.13333333333333,8.233333333333333,4.666666666666667,10,0.8,81.1,44.8,8.8,4.7,4.021333333333334,0.5893333333333334,0.336,33,1.184,0.8826666666666667,23,3.1466666666666665,75,3.023076923076923,0.6230769230769231,0.3230769230769231,22,1.4307692307692308,0.8538461538461538,20,2.7384615384615385,16,1
186,12,9,4,1403.7879649023525,1441.235517065762,-37.447552163409455,0.4463163625538273,10,0.0,54.3,30.4,3.7,3.0,26,0.6923076923076923,71.03846153846153,40.96153846153846,6.3076923076923075,4.653846153846154,1.8923076923076922,0.25384615384615383,0.17692307692307693,12,0.9692307692307692,0.7769230769230769,19,2.4,4,2.756172839506173,0.43209876543209874,0.30246913580246915,25,1.2407407407407407,0.4074074074074074,22,2.867283950617284,36,0
187,6,1,6,1482.3471554445384,1684.6384949827907,-202.29133953825226,0.23785373554384137,11,0.7272727272727273,79.0909090909091,43.90909090909091,8.363636363636363,4.545454545454546,46,1.608695652173913,90.32608695652173,56.67391304347826,7.956521739130435,5.043478260869565,3.007142857142857,0.6071428571428571,0.32142857142857145,22,1.4214285714285715,0.8357142857142857,20,2.7142857142857144,17,3.9749552772808587,0.556350626118068,0.3738819320214669,35,1.2146690518783543,0.8085867620751341,25,3.098389982110912,107,0
188,11,10,1,1574.0242379980846,1599.7960638658026,-25.771825867718007,0.4629792357125981,33,1.3333333333333333,84.18181818181819,53.15151515151515,7.787878787878788,4.454545454545454,30,1.4666666666666666,87.7,53.7,8.633333333333333,3.966666666666667,3.900744416873449,0.5732009925558312,0.31017369727047145,37,1.317617866004963,0.7022332506203474,20,2.8138957816377173,64,4.232091690544412,0.6934097421203438,0.27507163323782235,34,1.7020057306590257,0.8739255014326648,22,3.1375358166189113,64,0
189,8,3,2,1464.391521263666,1514.3091403857607,-49.91761912209472,0.42865302029542957,14,0.5714285714285714,82.71428571428571,49.57142857142857,7.0,3.142857142857143,36,0.9444444444444444,82.11111111111111,49.388888888888886,7.333333333333333,3.9166666666666665,3.2906976744186047,0.4476744186046512,0.20930232558139536,32,1.0348837209302326,0.7325581395348837,21,3.0406976744186047,27,3.1179039301310043,0.44759825327510916,0.2445414847161572,33,1.296943231441048,0.9082969432314411,24,2.978165938864629,70,0
190,5,2,10,1490.1495296716519,1594.7950452196617,-104.64551554800983,0.35379754486047355,26,0.8461538461538461,80.6923076923077,47.5,8.26923076923077,3.8461538461538463,31,1.4193548387096775,90.80645161290323,56.774193548387096,8.161290322580646,4.645161290322581,3.3311897106109325,0.6141479099678456,0.24437299035369775,25,1.4212218649517685,0.684887459807074,22,3.135048231511254,38,4.036363636363636,0.587012987012987,0.33766233766233766,33,1.187012987012987,0.8779220779220779,23,3.137662337662338,77,0
191,11,4,10,1564.7646532838326,1445.5895997077812,119.17505357605137,0.6650824764511714,34,1.2941176470588236,83.47058823529412,52.64705882352941,7.735294117647059,4.382352941176471,23,0.6086956521739131,71.21739130434783,42.391304347826086,4.6521739130434785,3.217391304347826,3.8578313253012047,0.5662650602409639,0.3060240963855422,37,1.3253012048192772,0.7012048192771084,20,2.8,64,2.996389891696751,0.3104693140794224,0.19494584837545126,31,1.1335740072202165,0.5126353790613718,23,2.7545126353790614,29,0
192,1,2,1,1689.3955696936675,1601.870996116871,87.52457357679646,0.6233594292509059,47,1.6170212765957446,90.63829787234043,56.93617021276596,7.9787234042553195,5.042553191489362,32,1.4375,91.25,57.03125,8.25,4.625,4.007005253940456,0.5604203152364273,0.3712784588441331,35,1.203152364273205,0.8161120840630472,25,3.1138353765323994,111,4.062814070351759,0.592964824120603,0.3341708542713568,33,1.1984924623115578,0.8894472361809045,23,3.1457286432160805,79,1
193,11,8,3,1551.463003754809,1455.8184608577574,95.64454289705168,0.6342688103813265,35,1.2571428571428571,82.65714285714286,52.114285714285714,7.6,4.314285714285714,15,0.5333333333333333,80.86666666666666,48.666666666666664,6.733333333333333,2.933333333333333,3.803738317757009,0.5537383177570093,0.29906542056074764,37,1.3271028037383177,0.7032710280373832,21,2.7873831775700935,65,3.2568306010928962,0.4371584699453552,0.19672131147540983,32,1.010928961748634,0.73224043715847,21,3.010928961748634,28,1
194,15,3,7,1408.353005514505,1522.8822007916692,-114.52919527716426,0.3409006840650448,18,0.3333333333333333,67.0,39.333333333333336,4.5,3.9444444444444446,37,0.972972972972973,81.91891891891892,49.4054054054054,7.378378378378378,3.918918918918919,2.0987124463519313,0.24034334763948498,0.22317596566523606,18,1.240343347639485,0.6180257510729614,22,2.648068669527897,19,3.1016949152542375,0.4533898305084746,0.24364406779661016,33,1.2881355932203389,0.8961864406779662,24,2.9533898305084745,71,0
195,16,1,1,1515.0614867513073,1696.9283811086493,-181.86689435734206,0.2598189070169821,33,1.0909090909090908,86.39393939393939,50.15151515151515,9.363636363636363,3.606060606060606,48,1.625,90.3125,56.6875,7.958333333333333,4.979166666666667,3.935656836461126,0.7238605898123325,0.2707774798927614,29,1.579088471849866,0.8873994638069705,22,3.2171581769436997,59,4.008591065292096,0.5618556701030928,0.36769759450171824,35,1.197594501718213,0.8041237113402062,25,3.097938144329897,114,0
196,16,10,3,1509.8651086109676,1609.0556485800546,-99.19053996908701,0.361009192447021,34,1.0588235294117647,85.17647058823529,49.35294117647059,9.147058823529411,3.5294117647058822,31,1.4838709677419355,87.29032258064517,53.516129032258064,8.548387096774194,3.967741935483871,3.860103626943005,0.7020725388601037,0.26424870466321243,29,1.567357512953368,0.8756476683937824,22,3.1891191709844557,59,4.2395543175487465,0.6908077994428969,0.2757660167130919,34,1.724233983286908,0.8857938718662952,22,3.1197771587743732,66,1
197,4,16,10,1458.8912492368047,1522.6449247620271,-63.753675525222434,0.4092671756839583,24,0.6666666666666666,71.375,42.791666666666664,4.708333333333333,3.25,35,1.0857142857142856,85.8,49.8,9.057142857142857,3.5714285714285716,3.0696864111498257,0.3205574912891986,0.20209059233449478,31,1.1428571428571428,0.5296167247386759,23,2.7560975609756095,32,3.8220551378446115,0.6791979949874687,0.2631578947368421,29,1.556390977443609,0.8796992481203008,22,3.1979949874686717,62,1
198,2,5,6,1594.3381847018893,1483.0735787744425,111.26460592744684,0.6548643433718786,33,1.393939393939394,90.3030303030303,56.303030303030305,8.242424242424242,4.606060606060606,27,0.8148148148148148,81.77777777777777,48.55555555555556,8.148148148148149,3.962962962962963,4.0,0.5926829268292683,0.33170731707317075,33,1.1853658536585365,0.8926829268292683,23,3.126829268292683,79,3.409937888198758,0.6086956521739131,0.2546583850931677,25,1.4285714285714286,0.6832298136645962,22,3.1677018633540373,42,1
199,1,12,6,1702.124759248989,1394.861637651276,307.26312159771305,0.8543019917305118,49,1.6326530612244898,90.0,56.59183673469388,7.8979591836734695,4.918367346938775,11,0.0,54.0,30.363636363636363,3.5454545454545454,3.090909090909091,4.00672268907563,0.5579831932773109,0.3630252100840336,35,1.2016806722689075,0.7949579831932773,25,3.0789915966386556,117,1.908450704225352,0.24647887323943662,0.18309859154929578,12,0.9788732394366197,0.7887323943661971,19,2.380281690140845,4,1
200,15,2,3,1401.534991833204,1601.2408978344517,-199.70590600124774,0.24056222436720517,19,0.3157894736842105,68.47368421052632,39.78947368421053,4.631578947368421,4.2105263157894735,34,1.411764705882353,90.73529411764706,56.411764705882355,8.176470588235293,4.588235294117647,2.1295546558704452,0.2550607287449393,0.2388663967611336,18,1.271255060728745,0.631578947368421,22,2.7044534412955468,20,4.00709219858156,0.5886524822695035,0.32860520094562645,33,1.16548463356974,0.8983451536643026,23,3.1347517730496453,82,0
201,4,3,3,1470.7059057231256,1529.7002144729702,-58.99430874984455,0.4159069998546728,25,0.72,72.28,43.52,4.76,3.44,38,1.0,82.60526315789474,49.60526315789474,7.526315789473684,3.8684210526315788,3.1683501683501682,0.32996632996632996,0.21548821548821548,31,1.121212121212121,0.5454545454545454,23,2.7946127946127945,34,3.10082304526749,0.4609053497942387,0.23868312757201646,33,1.2880658436213992,0.8847736625514403,24,2.9753086419753085,73,0
202,19,5,7,1433.83980217312,1476.17086564188,-42.33106346876002,0.43938036519447243,14,0.42857142857142855,74.0,46.357142857142854,5.5,2.857142857142857,28,0.7857142857142857,82.21428571428571,48.75,8.107142857142858,3.9642857142857144,2.954285714285714,0.3485714285714286,0.17142857142857143,47,1.0342857142857143,0.9314285714285714,23,2.737142857142857,18,3.3402985074626868,0.591044776119403,0.2537313432835821,25,1.4238805970149253,0.6835820895522388,22,3.2029850746268655,44,0
203,10,13,5,1596.275832428995,1501.7385460010432,94.53728642795181,0.6327889878319821,32,1.4375,87.71875,53.5625,8.6875,3.96875,2,1.0,82.5,60.0,3.5,4.5,4.254054054054054,0.7,0.27837837837837837,34,1.7135135135135136,0.8945945945945946,22,3.1594594594594594,67,4.346153846153846,0.2692307692307692,0.2692307692307692,21,1.0,0.5769230769230769,15,2.6923076923076925,4,1
204,3,2,7,1538.0183544700635,1606.0521423217958,-68.03378785173231,0.4033240190176845,39,1.0256410256410255,82.94871794871794,49.8974358974359,7.512820512820513,3.923076923076923,35,1.4285714285714286,90.28571428571429,56.17142857142857,8.2,4.6,3.1204819277108435,0.46184738955823296,0.24096385542168675,33,1.3052208835341366,0.8815261044176707,24,2.967871485943775,76,3.9702517162471396,0.5903890160183066,0.3295194508009153,33,1.1533180778032037,0.8878718535469108,23,3.116704805491991,85,0
205,16,3,3,1510.8302682757062,1529.95187408971,-19.121605814003715,0.4725095478309753,36,1.0555555555555556,85.63888888888889,49.5,9.055555555555555,3.5,40,1.0,82.8,49.65,7.575,3.9,3.761557177615572,0.6788321167883211,0.25790754257907544,29,1.5304136253041363,0.8759124087591241,22,3.1946472019464722,63,3.107632093933464,0.46966731898238745,0.24070450097847357,33,1.2974559686888454,0.8708414872798435,24,2.9784735812133074,77,1
206,12,20,6,1391.9476774858863,1474.944512237596,-82.99683475170968,0.3827792738800766,12,0.0,52.916666666666664,29.916666666666668,3.4166666666666665,3.0833333333333335,3,0.0,63.333333333333336,35.666666666666664,6.333333333333333,3.3333333333333335,1.8717948717948718,0.23717948717948717,0.1858974358974359,12,0.9743589743589743,0.7435897435897436,19,2.371794871794872,4,2.4473684210526314,0.39473684210526316,0.18421052631578946,16,0.868421052631579,0.5526315789473685,14,2.5526315789473686,3,0
207,5,10,7,1484.9584729457695,1603.6200526723553,-118.66157972658584,0.3355762408245736,29,0.8275862068965517,81.96551724137932,48.724137931034484,8.068965517241379,4.068965517241379,33,1.4545454545454546,88.15151515151516,53.696969696969695,8.757575757575758,3.9393939393939394,3.3641618497109826,0.5924855491329479,0.26011560693641617,25,1.4277456647398843,0.6820809248554913,22,3.1734104046242773,45,4.286842105263158,0.7078947368421052,0.2789473684210526,34,1.7263157894736842,0.9,22,3.163157894736842,70,0
208,10,12,6,1610.3315774888467,1384.2920920082847,226.039485480562,0.7860348324522242,34,1.4705882352941178,87.76470588235294,53.470588235294116,8.617647058823529,4.0,13,0.0,56.07692307692308,32.0,4.0,3.4615384615384617,4.303341902313624,0.7017994858611826,0.2879177377892031,34,1.7300771208226222,0.8894601542416453,22,3.1491002570694087,71,2.0059171597633134,0.26627218934911245,0.21893491124260356,13,1.0059171597633136,0.7692307692307693,19,2.4142011834319526,6,1
209,11,2,4,1558.7776275471824,1614.1186227021494,-55.340995154967004,0.4210246851113345,36,1.2777777777777777,83.02777777777777,52.166666666666664,7.666666666666667,4.305555555555555,36,1.4444444444444444,90.41666666666667,56.416666666666664,8.333333333333334,4.583333333333333,3.8246013667425967,0.5626423690205011,0.30068337129840544,37,1.357630979498861,0.6993166287015945,21,2.792710706150342,68,3.991130820399113,0.6008869179600886,0.328159645232816,33,1.1374722838137472,0.8758314855875832,23,3.106430155210643,89,1
210,16,10,4,1521.3800773190867,1614.6108808398023,-93.23080352071565,0.36896031872061785,37,1.0810810810810811,85.35135135135135,49.2972972972973,9.027027027027026,3.5135135135135136,35,1.4857142857142858,87.42857142857143,53.51428571428571,8.457142857142857,3.914285714285714,3.74468085106383,0.6737588652482269,0.2553191489361702,29,1.5342789598108748,0.8770685579196218,22,3.1843971631205674,65,4.291770573566085,0.6882793017456359,0.2817955112219451,34,1.7281795511221945,0.8902743142144638,22,3.1221945137157108,74,1
211,4,10,3,1462.387765726032,1601.9900872142148,-139.60232148818272,0.3092526470129338,26,0.6923076923076923,72.42307692307692,43.76923076923077,4.730769230769231,3.3846153846153846,36,1.4444444444444444,87.75,53.80555555555556,8.527777777777779,3.861111111111111,3.1511254019292605,0.3279742765273312,0.21221864951768488,31,1.1382636655948553,0.5401929260450161,23,2.819935691318328,35,4.330097087378641,0.6966019417475728,0.279126213592233,34,1.7597087378640777,0.8907766990291263,22,3.157766990291262,77,0
212,16,9,8,1534.0008709446743,1450.1618443168386,83.83902662783566,0.6183654693260237,38,1.105263157894737,85.89473684210526,49.76315789473684,9.0,3.6052631578947367,27,0.7407407407407407,71.18518518518519,41.0,6.407407407407407,4.703703703703703,3.792147806004619,0.674364896073903,0.26558891454965355,29,1.5612009237875288,0.8822170900692841,22,3.2101616628175518,68,2.750741839762611,0.4391691394658754,0.3026706231454006,25,1.231454005934718,0.39762611275964393,22,2.851632047477745,37,0
213,16,11,1,1521.6335615581538,1570.3571338449558,-48.72357228680198,0.430337222393194,39,1.0769230769230769,86.12820512820512,49.794871794871796,9.128205128205128,3.58974358974359,37,1.2972972972972974,83.29729729729729,52.108108108108105,7.783783783783784,4.351351351351352,3.755056179775281,0.6719101123595506,0.25842696629213485,29,1.5775280898876405,0.8786516853932584,22,3.204494382022472,69,3.8314855875831486,0.5742793791574279,0.30598669623059865,37,1.352549889135255,0.7095343680709535,21,2.796008869179601,70,0
214,4,5,2,1456.2027127857734,1478.246948129278,-22.044235343504624,0.46831829747311865,27,0.6666666666666666,71.81481481481481,43.2962962962963,4.703703703703703,3.3703703703703702,30,0.8,81.1,48.3,7.966666666666667,3.966666666666667,3.0895061728395063,0.31790123456790126,0.20679012345679013,31,1.1203703703703705,0.5277777777777778,23,2.817901234567901,35,3.2896935933147633,0.5766016713091922,0.25348189415041783,25,1.392757660167131,0.6713091922005571,22,3.147632311977716,45,0
215,9,4,4,1462.529153703359,1446.8363468363111,15.69280686704792,0.5225684192414707,28,0.7857142857142857,72.32142857142857,41.607142857142854,6.607142857142857,4.75,28,0.6428571428571429,71.39285714285714,43.035714285714285,4.642857142857143,3.3214285714285716,2.7914285714285714,0.44857142857142857,0.3028571428571429,25,1.26,0.40285714285714286,22,2.8657142857142857,40,3.0773809523809526,0.31547619047619047,0.20535714285714285,31,1.1130952380952381,0.5297619047619048,23,2.8035714285714284,36,1
216,15,4,3,1396.72374734586,1437.2877152211406,-40.563967875280696,0.44188756432265314,20,0.3,67.95,39.6,4.7,4.1,29,0.6206896551724138,71.82758620689656,43.172413793103445,4.689655172413793,3.413793103448276,2.111969111969112,0.2548262548262548,0.23166023166023167,18,1.2702702702702702,0.640926640926641,22,2.7065637065637067,21,3.037142857142857,0.31142857142857144,0.21428571428571427,31,1.0971428571428572,0.5171428571428571,23,2.8057142857142856,38,0
217,5,1,1,1487.6133140787404,1705.0387194143786,-217.4254053356383,0.22242307909292716,31,0.8387096774193549,80.90322580645162,48.41935483870968,7.903225806451613,4.0,50,1.64,89.7,56.36,7.9,4.94,3.3505434782608696,0.5788043478260869,0.2608695652173913,25,1.3804347826086956,0.6766304347826086,22,3.141304347826087,48,3.9704433497536944,0.5517241379310345,0.3645320197044335,35,1.1839080459770115,0.7832512315270936,25,3.0591133004926108,118,0
218,3,5,7,1519.4020650463294,1483.1648524968818,36.23721254944758,0.5519612606938874,41,0.975609756097561,82.41463414634147,49.51219512195122,7.585365853658536,3.902439024390244,32,0.8125,80.75,48.1875,7.875,4.03125,3.1125954198473282,0.46946564885496184,0.24236641221374045,33,1.2900763358778626,0.8587786259541985,24,2.9580152671755724,78,3.281578947368421,0.5657894736842105,0.2578947368421053,25,1.3973684210526316,0.6789473684210526,22,3.15,49,1
219,10,5,2,1608.1751401544734,1474.2040777107595,133.9710624437139,0.6837802970089362,37,1.4594594594594594,87.4054054054054,53.75675675675676,8.513513513513514,3.864864864864865,33,0.7878787878787878,79.93939393939394,47.60606060606061,7.878787878787879,3.9393939393939394,4.33806146572104,0.6973995271867612,0.28132387706855794,34,1.7446808510638299,0.8865248226950354,22,3.1394799054373523,78,3.2429667519181584,0.5652173913043478,0.2506393861892583,25,1.3785166240409208,0.6675191815856778,22,3.132992327365729,49,0
220,10,14,7,1594.4995342142947,1463.7712272640706,130.72830695022412,0.679730295323232,38,1.4210526315789473,88.02631578947368,54.21052631578947,8.368421052631579,3.8684210526315788,4,0.0,42.0,21.25,5.5,1.0,4.391705069124424,0.6866359447004609,0.27880184331797236,34,1.7442396313364055,0.8940092165898618,22,3.1682027649769586,81,1.3846153846153846,0.38461538461538464,0.038461538461538464,11,0.8653846153846154,0.5961538461538461,15,2.230769230769231,2,1
221,4,21,9,1446.1254665075937,1491.5015119101233,-45.3760454025296,0.4350673892034328,30,0.6666666666666666,72.6,43.63333333333333,4.666666666666667,3.6,1,0.0,60.0,42.0,4.0,2.0,3.065934065934066,0.3076923076923077,0.23076923076923078,31,1.0934065934065933,0.5137362637362637,23,2.815934065934066,40,2.6666666666666665,0.3333333333333333,0.16666666666666666,16,1.3333333333333333,0.25,12,2.5833333333333335,1,0
222,2,11,7,1602.539116404376,1578.9638782928196,23.575238111556473,0.5338755198368745,37,1.4054054054054055,90.1891891891892,56.486486486486484,8.18918918918919,4.513513513513513,38,1.3157894736842106,83.76315789473684,52.39473684210526,7.842105263157895,4.473684210526316,3.9525862068965516,0.5905172413793104,0.3232758620689655,33,1.1314655172413792,0.8620689655172413,23,3.0969827586206895,92,3.859611231101512,0.5809935205183585,0.3174946004319654,37,1.3412526997840173,0.6997840172786177,21,2.816414686825054,73,1
223,1,4,7,1709.4871809962372,1437.424118723525,272.06306227271216,0.8272299055329747,51,1.6470588235294117,89.94117647058823,56.333333333333336,7.9411764705882355,5.0588235294117645,31,0.6451612903225806,73.54838709677419,44.41935483870968,4.709677419354839,3.7096774193548385,3.961476725521669,0.5553772070626003,0.3739967897271268,35,1.1829855537720706,0.7865168539325843,25,3.059390048154093,121,3.1114058355437666,0.3076923076923077,0.2413793103448276,31,1.0928381962864722,0.5119363395225465,23,2.854111405835544,44,1
224,16,4,4,1513.02681711029,1433.9687168341845,79.0581002761055,0.6118499326385692,40,1.05,86.125,49.925,8.95,3.7,32,0.625,74.25,44.8125,4.65625,3.75,3.7592997811816193,0.6542669584245077,0.26914660831509846,29,1.5842450765864333,0.8774617067833698,22,3.210065645514223,71,3.104859335038363,0.29923273657289,0.24040920716112532,31,1.0869565217391304,0.5089514066496164,23,2.8618925831202047,46,1
225,11,9,7,1569.641388689557,1472.0777853185295,97.56360337102751,0.6368275824698105,39,1.2820512820512822,82.84615384615384,51.84615384615385,7.717948717948718,4.435897435897436,29,0.8275862068965517,73.0,42.03448275862069,6.862068965517241,4.758620689655173,3.79874213836478,0.5681341719077568,0.31446540880503143,37,1.3312368972746331,0.6918238993710691,21,2.80293501048218,73,2.8093922651933703,0.4585635359116022,0.30662983425414364,25,1.281767955801105,0.430939226519337,22,2.8812154696132595,44,1
226,1,2,3,1712.9425828855776,1611.8616060076386,101.08097687793907,0.6414973212941023,52,1.6538461538461537,90.3076923076923,56.44230769230769,8.0,5.0576923076923075,38,1.4210526315789473,89.78947368421052,56.10526315789474,8.210526315789474,4.578947368421052,3.959119496855346,0.5581761006289309,0.37264150943396224,35,1.1729559748427674,0.7908805031446541,25,3.0660377358490565,123,3.9411764705882355,0.592436974789916,0.32142857142857145,33,1.1218487394957983,0.8613445378151261,23,3.0798319327731094,93,1
227,15,5,4,1387.8859960594068,1487.8796836509382,-99.9936875915314,0.3599433716562345,21,0.2857142857142857,68.85714285714286,39.714285714285715,4.714285714285714,4.238095238095238,34,0.8235294117647058,80.76470588235294,48.38235294117647,7.823529411764706,3.8529411764705883,2.1814814814814816,0.26296296296296295,0.24444444444444444,18,1.2518518518518518,0.6555555555555556,22,2.7333333333333334,22,3.3300248138957818,0.5632754342431762,0.2456575682382134,35,1.3672456575682381,0.6898263027295285,22,3.163771712158809,52,0
228,19,1,8,1425.0521948692306,1720.1126364596955,-295.06044159046496,0.15466069531291754,15,0.4,72.46666666666667,45.2,5.333333333333333,2.8,53,1.6603773584905661,90.01886792452831,56.094339622641506,8.075471698113208,5.056603773584905,2.8404255319148937,0.3351063829787234,0.16489361702127658,47,1.0,0.925531914893617,23,2.6968085106382977,19,3.930662557781202,0.5624036979969184,0.3728813559322034,35,1.160246533127889,0.7781201848998459,25,3.0554699537750385,125,0
229,10,9,4,1600.90492830783,1464.8143369679258,136.09059133990422,0.6864125185791922,39,1.435897435897436,87.6923076923077,54.1025641025641,8.35897435897436,3.871794871794872,30,0.8,72.53333333333333,41.733333333333334,6.666666666666667,4.733333333333333,4.265625,0.6763392857142857,0.2700892857142857,34,1.7299107142857142,0.8794642857142857,22,3.1316964285714284,83,2.785522788203753,0.4450402144772118,0.30563002680965146,25,1.3083109919571045,0.4450402144772118,22,2.8793565683646114,45,1
230,5,8,3,1495.0785510840628,1448.503837065384,46.57471401867883,0.566627774904466,35,0.8571428571428571,80.6,48.114285714285714,7.885714285714286,3.9714285714285715,16,0.5,80.5625,48.375,6.75,2.9375,3.3100961538461537,0.5649038461538461,0.24759615384615385,35,1.3509615384615385,0.6923076923076923,22,3.139423076923077,54,3.2142857142857144,0.44387755102040816,0.19387755102040816,32,1.0204081632653061,0.7091836734693877,21,3.0051020408163267,30,1
231,3,1,7,1528.3628398324518,1723.205850365954,-194.84301053350214,0.24571341055889007,42,1.0,82.23809523809524,49.42857142857143,7.571428571428571,3.880952380952381,54,1.6666666666666667,89.74074074074075,55.851851851851855,8.074074074074074,5.092592592592593,3.102420856610801,0.47113594040968343,0.24208566108007448,33,1.2830540037243947,0.8584729981378026,24,2.9478584729981376,78,3.909365558912387,0.5619335347432024,0.37462235649546827,35,1.151057401812689,0.7719033232628398,25,3.0422960725075527,126,1
232,11,5,4,1576.9048370401608,1503.7459955859736,73.15884145418727,0.6037550872470929,40,1.3,82.65,51.75,7.675,4.375,36,0.8888888888888888,80.97222222222223,48.361111111111114,7.888888888888889,4.0,3.7877551020408164,0.563265306122449,0.31020408163265306,37,1.3346938775510204,0.6877551020408164,21,2.789795918367347,75,3.356807511737089,0.5704225352112676,0.2511737089201878,35,1.3474178403755868,0.6830985915492958,22,3.152582159624413,56,1
233,23,10,1,1492.1336503975629,1607.176677936246,-115.04302753868319,0.3402364040985401,1,0.0,62.0,34.0,6.0,2.0,40,1.45,87.925,54.425,8.3,3.85,2.909090909090909,0.36363636363636365,0.09090909090909091,14,1.0909090909090908,1.0909090909090908,11,2.727272727272727,1,4.266233766233766,0.6666666666666666,0.2683982683982684,34,1.7186147186147187,0.8766233766233766,22,3.1233766233766236,86,0
234,11,1,5,1584.829735295219,1708.1201185771317,-123.29038328191268,0.32966148709701365,41,1.3170731707317074,82.92682926829268,51.8780487804878,7.658536585365853,4.317073170731708,55,1.6363636363636365,89.2909090909091,55.50909090909091,8.018181818181818,5.072727272727272,3.7868525896414345,0.5637450199203188,0.3047808764940239,37,1.3326693227091633,0.6852589641434262,21,2.800796812749004,78,3.882962962962963,0.5555555555555556,0.3718518518518519,35,1.1525925925925926,0.7703703703703704,25,3.0296296296296297,128,0
235,1,3,5,1714.713348319072,1543.448571621274,171.2647766977982,0.7282732399138956,56,1.6428571428571428,89.64285714285714,55.642857142857146,8.071428571428571,5.035714285714286,43,1.0232558139534884,82.09302325581395,49.23255813953488,7.604651162790698,3.883720930232558,3.8924418604651163,0.559593023255814,0.3691860465116279,35,1.1497093023255813,0.7659883720930233,25,3.0377906976744184,130,3.1003649635036497,0.4744525547445255,0.2427007299270073,33,1.2937956204379562,0.8594890510948905,24,2.9416058394160585,79,0
236,5,3,8,1495.8210973309153,1558.0140364195518,-62.19293908863642,0.4114410504949437,37,0.8648648648648649,81.05405405405405,48.62162162162162,7.8108108108108105,3.972972972972973,44,1.0454545454545454,82.77272727272727,49.47727272727273,7.7272727272727275,3.909090909090909,3.3858447488584473,0.5662100456621004,0.24885844748858446,35,1.3721461187214612,0.680365296803653,22,3.1621004566210047,58,3.1160714285714284,0.4785714285714286,0.24642857142857144,33,1.2982142857142858,0.8678571428571429,24,2.960714285714286,82,0
237,3,2,2,1566.2428574294506,1604.6915524335207,-38.44869500407003,0.4448926552981587,45,1.0666666666666667,83.42222222222222,49.68888888888889,7.666666666666667,3.977777777777778,39,1.3846153846153846,88.94871794871794,55.61538461538461,8.051282051282051,4.538461538461538,3.1149825783972127,0.4738675958188153,0.2456445993031359,33,1.3083623693379791,0.8693379790940766,24,2.966898954703833,83,3.8979591836734695,0.5775510204081633,0.3163265306122449,33,1.116326530612245,0.8530612244897959,23,3.063265306122449,94,0
238,8,3,5,1439.8363925634733,1557.3450043234875,-117.50861176001422,0.3370576734284149,17,0.47058823529411764,80.70588235294117,48.470588235294116,6.823529411764706,3.1176470588235294,46,1.0434782608695652,82.65217391304348,49.130434782608695,7.608695652173913,3.9130434782608696,3.2163461538461537,0.4519230769230769,0.1971153846153846,32,1.0384615384615385,0.6875,21,3.014423076923077,32,3.0887372013651877,0.46928327645051193,0.24232081911262798,33,1.295221843003413,0.8651877133105802,24,2.9573378839590445,83,0
239,6,1,1,1477.5900807336616,1700.1478835207943,-222.5578027871327,0.21735526361441238,12,0.6666666666666666,80.83333333333333,45.0,8.5,4.583333333333333,57,1.6140350877192982,89.87719298245614,55.80701754385965,8.087719298245615,5.052631578947368,3.1589403973509933,0.6225165562913907,0.31125827814569534,24,1.4172185430463575,0.8543046357615894,20,2.801324503311258,19,3.9115549215406564,0.5606276747503567,0.3666191155492154,35,1.151212553495007,0.7617689015691869,25,3.057061340941512,133,0
240,2,16,7,1613.5894055394838,1520.7898184575185,92.79958708196523,0.6304615474239036,40,1.4,88.6,55.325,7.875,4.575,41,1.0731707317073171,85.85365853658537,49.8780487804878,8.902439024390244,3.7804878048780486,3.8727634194831015,0.5646123260437376,0.31809145129224653,33,1.10337972166998,0.8469184890656064,23,3.047713717693837,95,3.7606837606837606,0.6517094017094017,0.27564102564102566,29,1.5726495726495726,0.8611111111111112,22,3.1816239316239314,72,0
241,10,2,7,1613.9814060182168,1600.9801745910056,13.001231427211223,0.5187015476167599,41,1.4634146341463414,87.60975609756098,54.1219512195122,8.21951219512195,3.8536585365853657,41,1.3658536585365855,89.0,55.65853658536585,7.853658536585366,4.560975609756097,4.252118644067797,0.663135593220339,0.2711864406779661,34,1.7521186440677967,0.8877118644067796,22,3.110169491525424,86,3.8994197292069632,0.5609284332688588,0.3152804642166344,33,1.1063829787234043,0.8529980657640233,23,3.0735009671179885,98,0
242,7,1,5,1510.0,1704.4949887930825,-194.49498879308248,0.24608490170934932,1,2.0,77.0,57.0,1.0,3.0,58,1.6206896551724137,90.01724137931035,56.03448275862069,8.0,5.0344827586206895,2.857142857142857,0.07142857142857142,0.07142857142857142,14,1.2857142857142858,0.35714285714285715,14,2.0,2,3.9619181946403383,0.5585331452750353,0.36812411847672777,35,1.1692524682651622,0.765867418899859,25,3.063469675599436,137,1
243,6,10,1,1473.2429754613734,1603.6073750658816,-130.3643996045082,0.320725912144925,13,0.6153846153846154,80.92307692307692,44.46153846153846,8.692307692307692,4.538461538461538,42,1.4285714285714286,86.95238095238095,53.80952380952381,8.071428571428571,3.8095238095238093,3.128834355828221,0.6380368098159509,0.3128834355828221,24,1.4355828220858895,0.8282208588957055,20,2.815950920245399,20,4.208677685950414,0.6487603305785123,0.2665289256198347,34,1.7396694214876034,0.8760330578512396,22,3.09297520661157,87,1
244,10,11,3,1590.0218933087801,1578.2365055532787,11.78538775550146,0.5169540341907394,43,1.3953488372093024,86.93023255813954,53.76744186046512,8.116279069767442,3.7906976744186047,42,1.2857142857142858,83.0,51.857142857142854,7.571428571428571,4.357142857142857,4.233265720081136,0.6572008113590264,0.26774847870182555,34,1.7626774847870184,0.896551724137931,22,3.101419878296146,90,3.7693798449612403,0.5542635658914729,0.3081395348837209,37,1.3275193798449612,0.6744186046511628,21,2.8333333333333335,80,1
245,16,12,4,1533.3990494059967,1380.012788657329,153.3862607486676,0.7074357048126423,42,1.0952380952380953,86.5,50.214285714285715,8.928571428571429,3.761904761904762,14,0.0,56.285714285714285,32.142857142857146,3.7857142857142856,3.5714285714285716,3.8138075313807533,0.6589958158995816,0.27615062761506276,29,1.600418410041841,0.8577405857740585,22,3.211297071129707,75,1.9508196721311475,0.25136612021857924,0.22404371584699453,13,1.0437158469945356,0.7486338797814208,19,2.3934426229508197,6,1
246,5,2,2,1487.5922763210165,1611.3542055433409,-123.7619292223244,0.329061915478941,38,0.8421052631578947,81.44736842105263,48.81578947368421,7.973684210526316,4.0,42,1.380952380952381,88.66666666666667,55.42857142857143,7.761904761904762,4.642857142857143,3.4075723830734965,0.579064587973274,0.24944320712694878,35,1.4097995545657016,0.6859688195991092,22,3.1826280623608016,61,3.89413988657845,0.555765595463138,0.31758034026465026,33,1.0982986767485823,0.8468809073724007,23,3.0699432892249527,100,1
247,19,1,7,1421.9589809629722,1689.4166868272696,-267.4577058642974,0.17659193045851626,16,0.375,70.5,44.0625,5.0625,2.8125,59,1.5932203389830508,90.08474576271186,56.03389830508475,8.084745762711865,4.983050847457627,2.7512437810945274,0.31840796019900497,0.16417910447761194,47,0.9701492537313433,0.8955223880597015,23,2.6666666666666665,19,3.9598337950138505,0.5623268698060941,0.3628808864265928,35,1.1689750692520775,0.7617728531855956,25,3.0678670360110805,139,0
248,2,4,3,1597.9354438529197,1426.205715486956,171.72972836596364,0.7288025677733637,43,1.3488372093023255,89.25581395348837,55.604651162790695,7.674418604651163,4.72093023255814,33,0.6060606060606061,73.45454545454545,44.36363636363637,4.7272727272727275,3.696969696969697,3.918669131238447,0.5508317929759704,0.32532347504621073,33,1.1016635859519408,0.8521256931608133,23,3.0924214417744915,102,3.066666666666667,0.30617283950617286,0.23703703703703705,31,1.0592592592592593,0.5037037037037037,23,2.8419753086419752,47,1
249,13,8,5,1494.394325757683,1433.095239094905,61.29908666277788,0.5873123811679128,3,0.6666666666666666,86.33333333333333,63.666666666666664,2.3333333333333335,4.666666666666667,18,0.4444444444444444,79.38888888888889,48.05555555555556,6.666666666666667,3.0555555555555554,4.605263157894737,0.18421052631578946,0.3157894736842105,21,1.2105263157894737,0.8947368421052632,16,3.026315789473684,7,3.1872146118721463,0.4383561643835616,0.1963470319634703,32,1.0273972602739727,0.7031963470319634,21,2.990867579908676,33,1
250,6,10,6,1486.8284572184748,1599.6828126249654,-112.85435540649064,0.34307024088642246,14,0.7142857142857143,82.14285714285714,45.142857142857146,9.142857142857142,4.428571428571429,44,1.4090909090909092,87.11363636363636,53.84090909090909,8.113636363636363,3.772727272727273,3.2254335260115607,0.6878612716763006,0.31213872832369943,24,1.5317919075144508,0.8670520231213873,20,2.838150289017341,22,4.2272727272727275,0.6541501976284585,0.2628458498023715,34,1.7490118577075098,0.883399209486166,22,3.102766798418972,92,0
251,21,1,9,1500.202859694192,1692.94852543644,-192.74566574224787,0.24795791697706107,2,1.0,84.0,54.0,7.5,5.0,60,1.6,89.83333333333333,55.68333333333333,8.083333333333334,5.033333333333333,3.16,0.4,0.24,29,1.72,0.84,13,3.2,3,3.9157608695652173,0.5597826086956522,0.3641304347826087,35,1.1671195652173914,0.7527173913043478,25,3.057065217391304,140,0
252,1,8,2,1697.9076837759812,1424.8414867182632,273.066197057718,0.8280536428018104,61,1.6065573770491803,89.59016393442623,55.540983606557376,8.081967213114755,5.032786885245901,19,0.42105263157894735,78.15789473684211,47.1578947368421,6.684210526315789,3.0,3.8946666666666667,0.5573333333333333,0.3626666666666667,35,1.1586666666666667,0.744,25,3.048,141,3.1842105263157894,0.4517543859649123,0.19736842105263158,32,1.013157894736842,0.7017543859649122,21,2.973684210526316,35,1
253,1,11,1,1701.346610919945,1568.5755862370934,132.7710246828517,0.6822847292383429,62,1.6129032258064515,89.35483870967742,55.33870967741935,8.03225806451613,4.983870967741935,43,1.255813953488372,83.11627906976744,51.95348837209303,7.534883720930233,4.372093023255814,3.8717277486910993,0.5536649214659686,0.35732984293193715,35,1.1518324607329844,0.7408376963350786,25,3.0353403141361257,143,3.793168880455408,0.5540796963946869,0.3111954459203036,37,1.3434535104364327,0.6736242884250474,21,2.840607210626186,83,1
254,17,11,6,1472.887735605234,1562.2212808218603,-89.33354521662636,0.37419887446375083,3,0.0,64.33333333333333,40.666666666666664,5.0,0.6666666666666666,44,1.2272727272727273,82.4090909090909,51.29545454545455,7.454545454545454,4.386363636363637,3.6666666666666665,0.5,0.06666666666666667,19,1.9666666666666666,0.5666666666666667,11,2.966666666666667,4,3.749536178107607,0.549165120593692,0.3116883116883117,37,1.3283858998144713,0.6716141001855288,21,2.834879406307978,84,0
255,2,5,8,1603.3593924974523,1501.0110380114377,102.34835448601461,0.6431734175656353,44,1.3636363636363635,88.93181818181819,55.40909090909091,7.590909090909091,4.681818181818182,39,0.8717948717948718,82.28205128205128,49.64102564102564,7.923076923076923,4.076923076923077,3.9061371841155235,0.5433212996389891,0.3231046931407942,33,1.1010830324909748,0.8537906137184116,23,3.0812274368231045,103,3.497826086956522,0.5760869565217391,0.25869565217391305,35,1.4065217391304348,0.6934782608695652,22,3.2108695652173913,64,0
256,11,5,7,1569.7052583111354,1513.8745063627505,55.830751948384886,0.5796623940864748,45,1.2444444444444445,82.24444444444444,51.28888888888889,7.533333333333333,4.377777777777778,40,0.9,82.275,49.725,7.95,4.125,3.735985533453888,0.5551537070524413,0.3092224231464738,37,1.3309222423146474,0.6708860759493671,21,2.817359855334539,86,3.5021186440677967,0.5783898305084746,0.2563559322033898,35,1.3898305084745763,0.6949152542372882,22,3.1927966101694913,67,1
257,18,1,6,1532.3340814211701,1707.7009163351781,-175.366834914008,0.2670791517699418,3,2.0,90.33333333333333,61.666666666666664,5.333333333333333,3.0,63,1.619047619047619,89.12698412698413,55.22222222222222,7.984126984126984,5.0,4.54054054054054,0.35135135135135137,0.21621621621621623,28,1.5135135135135136,0.7027027027027027,16,2.7837837837837838,8,3.8874514877102198,0.553686934023286,0.36093143596377747,35,1.1642949547218628,0.7373868046571799,25,3.0297542043984476,146,1
258,14,4,7,1457.3658331705353,1420.7817668424234,36.58406632811193,0.5524549811171255,5,0.0,43.6,22.6,4.8,1.2,34,0.5882352941176471,72.97058823529412,44.23529411764706,4.676470588235294,3.6176470588235294,1.4090909090909092,0.3333333333333333,0.030303030303030304,11,0.7424242424242424,0.6212121212121212,16,2.212121212121212,2,3.0795180722891566,0.3036144578313253,0.23373493975903614,31,1.0578313253012048,0.5108433734939759,23,2.83855421686747,48,0
259,1,22,9,1693.042499370577,1508.3701702164155,184.6723291541614,0.7432747626635263,64,1.59375,88.984375,55.15625,7.984375,4.953125,1,2.0,75.0,40.0,7.0,6.0,3.871501272264631,0.55470737913486,0.3575063613231552,35,1.1577608142493638,0.7315521628498728,25,3.0318066157760812,148,1.8571428571428572,0.42857142857142855,0.2857142857142857,10,0.5,0.5,14,2.0714285714285716,1,1
260,2,10,1,1590.4959241461395,1606.544217442694,-16.048293296554448,0.476921060689909,45,1.3333333333333333,88.53333333333333,54.955555555555556,7.555555555555555,4.644444444444445,45,1.4222222222222223,86.84444444444445,53.644444444444446,8.0,3.7777777777777777,3.881625441696113,0.5388692579505301,0.3215547703180212,33,1.1024734982332156,0.8533568904593639,23,3.068904593639576,104,4.23495145631068,0.6485436893203883,0.26601941747572816,34,1.745631067961165,0.883495145631068,22,3.0990291262135923,93,1
261,4,11,6,1431.830866464766,1578.112010429406,-146.28114396464002,0.30110069051275884,35,0.6285714285714286,73.02857142857142,44.371428571428574,4.771428571428571,3.5714285714285716,46,1.2608695652173914,82.54347826086956,51.56521739130435,7.608695652173913,4.369565217391305,3.0442890442890445,0.30303030303030304,0.22843822843822845,31,1.0606060606060606,0.5128205128205128,24,2.8275058275058274,49,3.7641843971631204,0.5620567375886525,0.3067375886524823,37,1.3457446808510638,0.6773049645390071,21,2.8191489361702127,90,0
262,10,16,1,1596.082638656492,1539.2503353097438,56.832303346748176,0.5810665058891135,46,1.391304347826087,86.15217391304348,53.21739130434783,7.913043478260869,3.739130434782609,43,1.1162790697674418,86.23255813953489,49.906976744186046,8.953488372093023,3.8372093023255816,4.1992409867172675,0.6413662239089184,0.2637571157495256,34,1.7666034155597723,0.8804554079696395,22,3.0853889943074004,93,3.791411042944785,0.6605316973415133,0.2822085889570552,29,1.5787321063394684,0.8486707566462167,22,3.1860940695296525,76,1
263,10,4,7,1604.4613085387098,1425.8088526545107,178.65245588419907,0.7366067886535221,47,1.4042553191489362,86.36170212765957,53.51063829787234,7.8936170212765955,3.74468085106383,36,0.6111111111111112,72.52777777777777,44.05555555555556,4.694444444444445,3.5555555555555554,4.224489795918367,0.640074211502783,0.2653061224489796,34,1.784786641929499,0.8794063079777366,22,3.085343228200371,98,3.01131221719457,0.2986425339366516,0.22850678733031674,31,1.0520361990950227,0.5271493212669683,24,2.8122171945701355,50,1
264,15,12,4,1380.6871286262822,1374.161502753582,6.525625872700175,0.5093900263779246,22,0.2727272727272727,68.18181818181819,39.54545454545455,4.7727272727272725,4.2272727272727275,15,0.0,55.46666666666667,31.933333333333334,3.6,3.466666666666667,2.1690140845070425,0.2640845070422535,0.24295774647887325,18,1.2288732394366197,0.6830985915492958,22,2.704225352112676,22,1.9340101522842639,0.23857868020304568,0.2131979695431472,13,1.015228426395939,0.7461928934010152,19,2.3807106598984773,6,1
265,9,2,8,1458.5425873395097,1600.9575029323414,-142.41491559283168,0.3058048095326535,31,0.7741935483870968,72.54838709677419,41.516129032258064,6.612903225806452,4.903225806451613,46,1.3478260869565217,88.23913043478261,54.78260869565217,7.608695652173913,4.6521739130434785,2.7512953367875648,0.4430051813471503,0.3082901554404145,25,1.310880829015544,0.44559585492227977,22,2.8989637305699483,45,3.8856152512998268,0.5459272097053726,0.3240901213171577,33,1.1109185441941074,0.8526863084922011,23,3.0571923743500866,106,1
266,11,3,7,1584.1340242396611,1564.0861577920557,20.04786644760543,0.5288192209422388,47,1.2765957446808511,82.38297872340425,51.5531914893617,7.553191489361702,4.340425531914893,47,1.0638297872340425,82.48936170212765,49.06382978723404,7.659574468085107,3.851063829787234,3.7404844290657437,0.5570934256055363,0.30103806228373703,37,1.328719723183391,0.6816608996539792,21,2.8062283737024223,92,3.0953177257525084,0.47157190635451507,0.2391304347826087,33,1.2959866220735785,0.8812709030100334,24,2.94314381270903,84,0
267,9,4,2,1472.4264911488567,1420.5409884275812,51.88550272127554,0.5741190575540304,32,0.8125,73.5,42.0625,6.625,5.03125,37,0.5945945945945946,71.72972972972973,43.67567567567568,4.675675675675675,3.4864864864864864,2.765,0.445,0.3175,25,1.3225,0.4575,22,2.9275,48,2.984581497797357,0.2973568281938326,0.22466960352422907,31,1.0330396475770924,0.513215859030837,24,2.7951541850220263,51,0
268,2,4,4,1587.0735991229944,1432.0233695786617,155.05022954433275,0.7094142400961928,47,1.3191489361702127,88.44680851063829,54.765957446808514,7.74468085106383,4.617021276595745,38,0.631578947368421,71.8157894736842,43.89473684210526,4.657894736842105,3.473684210526316,3.8527918781725887,0.5499153976311336,0.3197969543147208,33,1.1099830795262267,0.8375634517766497,23,3.0829103214890017,109,2.997863247863248,0.2905982905982906,0.22435897435897437,31,1.0299145299145298,0.5064102564102564,24,2.7777777777777777,53,1
269,11,2,1,1573.5576398208163,1592.8853143210706,-19.32767450025426,0.472213897289733,48,1.25,82.08333333333333,51.354166666666664,7.541666666666667,4.333333333333333,48,1.3333333333333333,88.58333333333333,54.916666666666664,7.770833333333333,4.625,3.7220338983050847,0.5542372881355933,0.3016949152542373,37,1.3491525423728814,0.6915254237288135,21,2.794915254237288,93,3.8803986710963456,0.5548172757475083,0.3222591362126246,33,1.111295681063123,0.840531561461794,23,3.079734219269103,112,0
270,2,16,3,1602.3295922668653,1530.871665427526,71.45792683933928,0.6014103150259851,49,1.346938775510204,88.36734693877551,54.714285714285715,7.775510204081633,4.571428571428571,44,1.0909090909090908,86.25,49.84090909090909,9.090909090909092,3.8181818181818183,3.8650406504065042,0.5560975609756098,0.3170731707317073,33,1.1154471544715447,0.8455284552845529,23,3.065040650406504,114,3.8016032064128256,0.6733466933867736,0.28256513026052105,29,1.593186372745491,0.845691382765531,22,3.1923847695390783,78,1
271,5,16,3,1505.46775424448,1522.8998717280458,-17.43211748356589,0.47493419633566886,41,0.8780487804878049,82.04878048780488,49.53658536585366,7.926829268292683,4.073170731707317,45,1.0666666666666667,86.24444444444444,49.82222222222222,9.066666666666666,3.8444444444444446,3.489669421487603,0.5743801652892562,0.25413223140495866,35,1.3863636363636365,0.6921487603305785,22,3.2024793388429753,69,3.779727095516569,0.6666666666666666,0.28460038986354774,29,1.5964912280701755,0.8557504873294347,22,3.1832358674463936,79,1
272,8,1,5,1421.4025595742994,1698.1770041173063,-276.7744445430069,0.168928290574339,20,0.4,76.95,46.25,6.45,2.95,65,1.6,89.16923076923077,55.16923076923077,7.984615384615385,5.015384615384615,3.1638655462184873,0.4411764705882353,0.19747899159663865,32,1.0126050420168067,0.7184873949579832,21,2.966386554621849,36,3.8883312421580927,0.5570890840652447,0.36386449184441655,35,1.163111668757842,0.7340025094102886,25,3.0351317440401506,151,0
273,1,15,3,1701.5555699287931,1390.4993280987237,311.05624183006944,0.8569988204994115,66,1.606060606060606,88.95454545454545,54.984848484848484,8.075757575757576,5.015151515151516,23,0.34782608695652173,69.8695652173913,40.52173913043478,4.913043478260869,4.304347826086956,3.866831072749692,0.5635018495684341,0.3637484586929716,35,1.156596794081381,0.7373612823674476,25,3.0234278668310726,152,2.1577181208053693,0.2684563758389262,0.24161073825503357,18,1.261744966442953,0.6946308724832215,22,2.751677852348993,24,1
274,5,10,3,1515.9690703177666,1609.7291727656393,-93.76010244787267,0.3682511993608255,42,0.9047619047619048,81.92857142857143,49.476190476190474,7.904761904761905,4.095238095238095,48,1.4166666666666667,86.125,53.333333333333336,7.895833333333333,3.8125,3.51417004048583,0.5769230769230769,0.2591093117408907,35,1.3846153846153846,0.6882591093117408,22,3.1902834008097165,72,4.206896551724138,0.6406533575317604,0.27223230490018147,34,1.7767695099818512,0.8765880217785844,22,3.0671506352087112,99,0
275,11,3,3,1564.1133618750216,1574.6625422109005,-10.549180335878873,0.48482317274088405,49,1.2244897959183674,81.57142857142857,50.97959183673469,7.571428571428571,4.26530612244898,48,1.0833333333333333,82.375,49.083333333333336,7.645833333333333,3.875,3.6960132890365447,0.5564784053156147,0.2973421926910299,37,1.3588039867109634,0.6843853820598007,21,2.7906976744186047,94,3.0901639344262297,0.4704918032786885,0.24098360655737705,33,1.3032786885245902,0.8754098360655738,24,2.9360655737704917,87,1
276,2,8,10,1610.3013859663456,1418.0239937628126,192.27739220353305,0.751539080299654,50,1.36,88.62,54.66,7.94,4.56,21,0.38095238095238093,75.85714285714286,45.38095238095238,6.571428571428571,3.0952380952380953,3.8535031847133756,0.5621019108280255,0.3105095541401274,33,1.1162420382165605,0.8487261146496815,23,3.073248407643312,116,3.1075697211155378,0.4541832669322709,0.20717131474103587,32,1.0159362549800797,0.7091633466135459,21,2.944223107569721,37,0
277,16,5,3,1512.398555654759,1508.60404633055,3.7945093242090024,0.5054605207721283,46,1.0434782608695652,85.73913043478261,49.369565217391305,9.021739130434783,3.8043478260869565,43,0.8837209302325582,81.25581395348837,48.95348837209303,7.790697674418604,4.0,3.7319391634980987,0.6615969581749049,0.27756653992395436,29,1.591254752851711,0.8574144486692015,22,3.165399239543726,80,3.4802371541501977,0.5691699604743083,0.25296442687747034,35,1.3814229249011858,0.6837944664031621,22,3.177865612648221,73,1
278,1,3,4,1704.4155935188048,1564.359005665718,140.05658785308674,0.6913056716115817,67,1.6119402985074627,88.76119402985074,54.850746268656714,8.044776119402986,4.985074626865671,49,1.0612244897959184,82.38775510204081,49.06122448979592,7.6938775510204085,3.857142857142857,3.8545454545454545,0.5612121212121212,0.3612121212121212,35,1.1406060606060606,0.7333333333333333,25,3.013333333333333,154,3.0754414125200644,0.46869983948635635,0.24077046548956663,33,1.3097913322632424,0.8828250401284109,24,2.940609951845907,89,1
279,1,11,6,1710.5894800865733,1574.416898420204,136.1725816663693,0.6865141022749756,68,1.6176470588235294,88.91176470588235,55.01470588235294,8.058823529411764,4.985294117647059,50,1.24,81.84,51.12,7.5,4.38,3.8460620525059666,0.5608591885441527,0.360381861575179,35,1.1324582338902147,0.7326968973747017,25,3.013126491646778,156,3.7035830618892507,0.5521172638436482,0.30293159609120524,37,1.3713355048859934,0.6807817589576547,21,2.7964169381107493,97,1
280,8,16,10,1433.0547753688056,1522.2893452393166,-89.234569870511,0.3743323042101816,22,0.45454545454545453,75.81818181818181,45.59090909090909,6.5,3.0454545454545454,47,1.0638297872340425,86.08510638297872,49.744680851063826,9.0,3.8085106382978724,3.160919540229885,0.4559386973180077,0.20689655172413793,32,1.0229885057471264,0.7279693486590039,21,2.9272030651340994,38,3.7713754646840147,0.6617100371747212,0.275092936802974,29,1.5817843866171004,0.8884758364312267,22,3.163568773234201,83,1
281,1,8,10,1716.8591980410738,1445.568129284602,271.29106875647176,0.8265938494072173,69,1.6231884057971016,89.2463768115942,55.21739130434783,8.08695652173913,5.043478260869565,23,0.5217391304347826,76.82608695652173,46.21739130434783,6.869565217391305,3.0,3.8705882352941177,0.5647058823529412,0.3658823529411765,35,1.151764705882353,0.7341176470588235,25,3.0270588235294116,159,3.2222222222222223,0.48518518518518516,0.2074074074074074,32,1.0851851851851853,0.7555555555555555,21,2.948148148148148,40,0
282,5,2,4,1498.7132567459926,1595.2706043603525,-96.55734761435997,0.364513149384295,44,0.8636363636363636,81.4090909090909,49.04545454545455,7.886363636363637,3.9545454545454546,51,1.3333333333333333,88.11764705882354,54.411764705882355,7.901960784313726,4.509803921568627,3.4990328820116052,0.5783365570599613,0.2514506769825919,35,1.3945841392649903,0.690522243713733,22,3.183752417794971,76,3.8528951486697967,0.5602503912363067,0.3082942097026604,33,1.1126760563380282,0.838810641627543,23,3.056338028169014,118,0
283,10,11,7,1617.0941967528559,1568.1471804657035,48.94701628715234,0.5699780690456256,49,1.4285714285714286,85.89795918367346,53.16326530612245,7.918367346938775,3.7551020408163267,51,1.2156862745098038,82.15686274509804,51.3921568627451,7.470588235294118,4.431372549019608,4.19360568383659,0.6412078152753108,0.2682060390763766,34,1.7726465364120783,0.872113676731794,22,3.0586145648312613,101,3.7240829346092506,0.5502392344497608,0.3078149920255183,37,1.3700159489633175,0.6842105263157895,21,2.824561403508772,100,0
284,5,16,1,1491.4229937583066,1509.7759913235202,-18.352997565213627,0.47361245268525914,45,0.8444444444444444,81.71111111111111,49.15555555555556,8.044444444444444,3.911111111111111,48,1.0416666666666667,86.10416666666667,49.645833333333336,9.1875,3.8125,3.5160680529300565,0.5860113421550095,0.24574669187145556,35,1.4291115311909264,0.6994328922495274,22,3.1928166351606806,77,3.750909090909091,0.6781818181818182,0.27454545454545454,29,1.5818181818181818,0.9072727272727272,22,3.1654545454545455,83,0
285,5,19,8,1481.9507447046014,1418.4271423538019,63.52360235079959,0.5904125870809595,46,0.8260869565217391,81.1304347826087,48.97826086956522,7.869565217391305,3.891304347826087,17,0.35294117647058826,69.11764705882354,43.23529411764706,5.0,2.6470588235294117,3.4981549815498156,0.5719557195571956,0.24169741697416974,35,1.4169741697416973,0.6918819188191881,22,3.178966789667897,79,2.6930232558139533,0.30697674418604654,0.15348837209302327,47,0.958139534883721,0.8651162790697674,23,2.627906976744186,20,1
286,12,1,4,1364.3493032811405,1700.3273210529294,-335.9780177717889,0.12630354219124937,16,0.0,58.4375,33.0625,3.5,3.6875,70,1.6,89.2,55.3,8.1,5.0,2.028708133971292,0.23444976076555024,0.23444976076555024,13,1.0382775119617225,0.7703349282296651,19,2.45933014354067,7,3.8713789107763614,0.5666280417149478,0.3603707995365006,35,1.1541135573580532,0.7381228273464658,25,3.035921205098494,163,0
287,9,10,8,1460.9441099977762,1605.6946353719434,-144.75052537416718,0.30295810143353497,33,0.7878787878787878,72.72727272727273,41.666666666666664,6.515151515151516,4.96969696969697,50,1.4,86.04,53.32,7.92,3.72,2.7312348668280872,0.43341404358353514,0.31234866828087166,25,1.3123486682808716,0.45036319612590797,22,2.9128329297820823,49,4.210801393728223,0.6428571428571429,0.2665505226480836,34,1.7770034843205575,0.8832752613240418,22,3.0696864111498257,103,0
288,9,2,4,1454.8849479691055,1602.5608673480385,-147.67591937893303,0.2994137839884512,34,0.7647058823529411,72.02941176470588,41.294117647058826,6.470588235294118,4.823529411764706,52,1.3461538461538463,88.32692307692308,54.67307692307692,7.884615384615385,4.480769230769231,2.6854460093896715,0.4272300469483568,0.3028169014084507,25,1.2887323943661972,0.4647887323943662,22,2.9014084507042255,50,3.8784615384615386,0.56,0.3076923076923077,33,1.1276923076923078,0.8492307692307692,23,3.056923076923077,121,0
289,1,3,1,1702.8533918967544,1558.1851190979496,144.66827279880476,0.6969419015210134,71,1.6056338028169015,89.0,55.140845070422536,8.140845070422536,4.985915492957746,50,1.04,82.42,48.96,7.7,3.84,3.838084378563284,0.5632839224629419,0.35917901938426455,35,1.1470923603192702,0.7331812998859749,25,3.023945267958951,164,3.0709779179810726,0.471608832807571,0.24132492113564669,33,1.3170347003154574,0.8817034700315457,24,2.9558359621451102,90,1
290,3,19,3,1552.12395712837,1410.235394095421,141.88856303294892,0.6935515940330058,51,1.0196078431372548,82.29411764705883,48.8235294117647,7.7254901960784315,3.823529411764706,18,0.3333333333333333,68.83333333333333,42.72222222222222,5.166666666666667,2.7777777777777777,3.0727554179566563,0.47523219814241485,0.24148606811145512,33,1.3142414860681115,0.8854489164086687,24,2.956656346749226,92,2.672566371681416,0.3274336283185841,0.1592920353982301,47,0.9734513274336283,0.8716814159292036,23,2.6327433628318584,20,1
291,4,15,2,1426.2116543805855,1387.639304508712,38.572349871873485,0.5552831298060541,39,0.6153846153846154,72.2051282051282,44.02564102564103,4.717948717948718,3.4871794871794872,24,0.3333333333333333,69.375,40.083333333333336,5.125,4.208333333333333,3.0187891440501042,0.2985386221294363,0.2254697286012526,31,1.0250521920668059,0.5135699373695198,24,2.789144050104384,54,2.1286173633440515,0.2797427652733119,0.2379421221864952,18,1.234726688102894,0.6913183279742765,22,2.7363344051446945,24,1
292,10,8,5,1611.753797400614,1462.1000062727464,149.65379112786763,0.7029690392034519,51,1.411764705882353,85.82352941176471,53.05882352941177,8.019607843137255,3.7450980392156863,24,0.5833333333333334,77.79166666666667,46.875,7.0,3.0,4.180579216354344,0.6507666098807495,0.2674616695059625,34,1.756388415672913,0.879045996592845,22,3.052810902896082,105,3.302491103202847,0.501779359430605,0.2099644128113879,35,1.0889679715302492,0.7402135231316725,21,2.9644128113879002,41,1
293,15,11,7,1378.7449671048332,1579.546741846616,-200.80177474178276,0.239411630031416,25,0.32,71.16,41.4,5.28,4.16,52,1.2307692307692308,82.5576923076923,51.32692307692308,7.596153846153846,4.5,2.222910216718266,0.29411764705882354,0.23839009287925697,18,1.2445820433436532,0.7337461300309598,22,2.780185758513932,28,3.700468018720749,0.5569422776911076,0.31045241809672386,37,1.3837753510140405,0.6942277691107644,21,2.8237129485179406,103,0
294,4,5,7,1435.1059917844643,1490.1424929629823,-55.03650117851794,0.4214520137725196,40,0.65,73.475,44.75,5.0,3.65,47,0.851063829787234,81.0,48.95744680851064,7.851063829787234,3.872340425531915,3.0835030549898166,0.32382892057026474,0.23014256619144602,31,1.0509164969450102,0.5254582484725051,24,2.8126272912423627,58,3.49009009009009,0.5675675675675675,0.24144144144144145,35,1.4144144144144144,0.6882882882882883,22,3.1603603603603605,80,0
295,2,16,4,1608.5491430278075,1519.2482403772253,89.3009026505822,0.6257571218488657,53,1.3584905660377358,88.0754716981132,54.528301886792455,7.886792452830188,4.452830188679245,49,1.0612244897959184,85.87755102040816,49.51020408163265,9.10204081632653,3.836734693877551,3.881996974281392,0.5627836611195158,0.3071104387291982,33,1.1285930408472011,0.8411497730711044,23,3.043872919818457,123,3.7809694793536806,0.6786355475763016,0.2800718132854578,29,1.5870736086175943,0.9120287253141831,22,3.163375224416517,84,0
296,5,4,4,1498.5715332384327,1426.6769515090139,71.89458172941886,0.6020127081914045,48,0.875,80.875,48.916666666666664,7.916666666666667,3.875,41,0.6341463414634146,73.04878048780488,44.46341463414634,4.951219512195122,3.6097560975609757,3.5079646017699115,0.5769911504424778,0.24424778761061947,35,1.424778761061947,0.6938053097345133,22,3.1469026548672567,82,3.069582504970179,0.3220675944333996,0.22664015904572565,31,1.0497017892644136,0.5308151093439364,24,2.805168986083499,59,1
297,16,1,7,1531.7633828142027,1708.914553866334,-177.1511710521313,0.26507335077879896,50,1.08,86.02,49.54,9.08,3.88,72,1.6111111111111112,89.04166666666667,55.34722222222222,8.083333333333334,4.972222222222222,3.803886925795053,0.6819787985865724,0.284452296819788,29,1.5971731448763251,0.9134275618374559,22,3.1696113074204946,86,3.850561797752809,0.5595505617977528,0.35842696629213483,35,1.1539325842696628,0.7325842696629213,25,3.0224719101123596,167,0
298,11,19,3,1584.3349744472443,1404.1064259760813,180.2285484711631,0.7383632696649294,53,1.2452830188679245,82.41509433962264,51.132075471698116,7.528301886792453,4.509433962264151,19,0.3157894736842105,70.57894736842105,43.78947368421053,5.473684210526316,2.789473684210526,3.6788990825688073,0.5504587155963303,0.3119266055045872,37,1.3776758409785932,0.6896024464831805,21,2.811926605504587,104,2.742616033755274,0.35864978902953587,0.16455696202531644,47,1.0506329113924051,0.8776371308016878,23,2.6962025316455698,23,1
299,1,14,7,1714.21602088191,1446.3167335481928,267.8992873337172,0.8237773832225513,73,1.6164383561643836,88.84931506849315,55.205479452054796,8.164383561643836,4.931506849315069,6,0.0,44.166666666666664,23.666666666666668,4.5,1.1666666666666667,3.8620689655172415,0.5695216907675195,0.35706340378198,35,1.1557285873192435,0.7441601779755284,25,3.020022246941046,169,1.435897435897436,0.2948717948717949,0.038461538461538464,11,0.782051282051282,0.7051282051282052,16,2.2564102564102564,2,1
300,5,1,7,1506.5312790746045,1717.740473217459,-211.20919414285459,0.2286732677215026,49,0.8979591836734694,81.20408163265306,49.224489795918366,7.938775510204081,3.877551020408163,74,1.6216216216216217,88.66216216216216,55.054054054054056,8.108108108108109,4.945945945945946,3.529513888888889,0.5694444444444444,0.24479166666666666,35,1.4305555555555556,0.6927083333333334,22,3.1493055555555554,85,3.828039430449069,0.5640744797371303,0.3559693318729463,35,1.154435925520263,0.7393209200438116,25,3.0076670317634173,170,0
301,5,1,10,1501.9578137201745,1722.3139385718891,-220.35612485171464,0.21951896343333968,50,0.88,81.34,49.18,7.94,3.84,75,1.6266666666666667,88.76,55.18666666666667,8.066666666666666,4.973333333333334,3.5272108843537415,0.5697278911564626,0.24319727891156462,35,1.4149659863945578,0.7040816326530612,22,3.1462585034013606,88,3.8369330453563717,0.5604751619870411,0.357451403887689,35,1.1587473002159827,0.7408207343412527,25,3.011879049676026,172,1
302,9,10,2,1448.8966722893365,1617.6944166165451,-168.79774432720865,0.2745461826184352,35,0.7428571428571429,71.85714285714286,41.25714285714286,6.457142857142857,4.685714285714286,52,1.4230769230769231,86.07692307692308,53.36538461538461,8.0,3.7115384615384617,2.7009132420091326,0.4269406392694064,0.2945205479452055,25,1.2899543378995433,0.4611872146118721,22,2.8926940639269407,51,4.191986644407345,0.6444073455759599,0.2654424040066778,34,1.7545909849749584,0.8797996661101837,22,3.0567612687813024,107,0
303,15,16,7,1373.9567345042049,1526.4619157986267,-152.50518129442185,0.293615132044644,26,0.3076923076923077,70.23076923076923,40.65384615384615,5.230769230769231,4.153846153846154,51,1.0588235294117647,85.47058823529412,49.19607843137255,9.0,3.843137254901961,2.1607142857142856,0.2916666666666667,0.23214285714285715,18,1.244047619047619,0.7232142857142857,22,2.7589285714285716,28,3.8,0.68,0.28347826086956524,29,1.5878260869565217,0.9008695652173913,22,3.161739130434783,87,0
304,3,1,6,1558.2529252477098,1706.7043178405559,-148.4513925928461,0.2984782351645036,52,1.0384615384615385,82.76923076923077,49.03846153846154,7.865384615384615,3.8076923076923075,76,1.605263157894737,89.07894736842105,55.31578947368421,8.118421052631579,4.9868421052631575,3.094224924012158,0.48328267477203646,0.24164133738601823,33,1.3358662613981762,0.8799392097264438,24,2.9696048632218845,95,3.8466453674121404,0.5654952076677316,0.35782747603833864,35,1.1522896698615548,0.7433439829605963,25,3.0298189563365283,175,0
305,1,15,7,1712.6738825438458,1368.084431863312,344.5894506805339,0.8790661374463932,77,1.6103896103896105,88.8961038961039,55.18181818181818,8.103896103896103,4.961038961038961,27,0.2962962962962963,69.44444444444444,40.370370370370374,5.074074074074074,4.111111111111111,3.838235294117647,0.5640756302521008,0.3560924369747899,35,1.148109243697479,0.7415966386554622,25,3.023109243697479,177,2.1489971346704873,0.2836676217765043,0.22922636103151864,18,1.2378223495702005,0.7163323782234957,22,2.7478510028653296,28,1
306,19,8,2,1398.87369136938,1456.1593870568154,-57.285695687435464,0.41829829675911323,20,0.3,69.25,42.8,5.4,2.7,25,0.56,77.64,46.88,6.92,3.08,2.645418326693227,0.3466135458167331,0.1553784860557769,47,1.047808764940239,0.852589641434263,23,2.6573705179282867,23,3.261904761904762,0.48639455782312924,0.20748299319727892,35,1.0850340136054422,0.7653061224489796,21,2.9489795918367347,42,1
307,11,19,8,1589.5677090539457,1410.5077254341977,179.05998361974798,0.7370616844998825,54,1.2592592592592593,82.27777777777777,51.0,7.555555555555555,4.537037037037037,21,0.38095238095238093,70.38095238095238,43.61904761904762,5.380952380952381,2.761904761904762,3.6781954887218045,0.5548872180451128,0.3157894736842105,37,1.369924812030075,0.6857142857142857,21,2.8105263157894735,106,2.736641221374046,0.3511450381679389,0.15648854961832062,47,1.0534351145038168,0.851145038167939,23,2.6793893129770994,24,1
308,16,11,10,1532.3342184395196,1594.826475363948,-62.492256924428375,0.41102387430703996,52,1.0769230769230769,85.26923076923077,49.05769230769231,8.98076923076923,3.9038461538461537,55,1.2727272727272727,82.14545454545454,50.872727272727275,7.581818181818182,4.527272727272727,3.7853492333901193,0.6746166950596252,0.2879045996592845,29,1.5706984667802386,0.8960817717206133,22,3.1379897785349233,88,3.657817109144543,0.5530973451327433,0.31563421828908556,37,1.368731563421829,0.6828908554572272,21,2.8008849557522124,106,1
309,3,15,4,1552.2833605444198,1365.6657546122399,186.6176059321799,0.7454056919668297,53,1.0188679245283019,82.35849056603773,48.735849056603776,7.811320754716981,3.7735849056603774,28,0.2857142857142857,68.89285714285714,40.07142857142857,4.964285714285714,4.0,3.0850746268656715,0.4791044776119403,0.24029850746268658,33,1.3298507462686566,0.8746268656716418,24,2.962686567164179,96,2.149584487534626,0.27977839335180055,0.22437673130193905,18,1.2437673130193905,0.7313019390581718,22,2.7451523545706373,29,1
310,1,2,1,1715.0925597949179,1596.0340005908301,119.05855920408771,0.6649330862601478,78,1.6153846153846154,88.71794871794872,55.05128205128205,8.08974358974359,4.9743589743589745,54,1.3333333333333333,87.9074074074074,54.51851851851852,7.851851851851852,4.481481481481482,3.8095238095238093,0.5579710144927537,0.35507246376811596,35,1.1418219461697723,0.7380952380952381,25,3.012422360248447,177,3.8958333333333335,0.5625,0.31101190476190477,33,1.1220238095238095,0.8467261904761905,23,3.043154761904762,126,1
311,1,9,4,1721.793898069715,1443.4057486369677,278.38814943274724,0.8323718311182533,79,1.620253164556962,88.79746835443038,55.075949367088604,8.164556962025317,4.936708860759493,36,0.7222222222222222,71.66666666666667,41.25,6.444444444444445,4.722222222222222,3.8347022587268995,0.5646817248459959,0.3531827515400411,35,1.1570841889117043,0.7453798767967146,25,3.0184804928131417,180,2.707317073170732,0.4279379157427938,0.29711751662971175,25,1.2771618625277161,0.4678492239467849,22,2.8802660753880267,53,1
312,11,22,9,1583.046952850089,1503.2356654696862,79.81128738040275,0.6128791140098728,56,1.25,82.19642857142857,50.839285714285715,7.678571428571429,4.5,2,1.0,84.0,51.5,4.5,4.5,3.6367583212735166,0.5600578871201157,0.3125904486251809,37,1.3719247467438496,0.6816208393632417,21,2.8104196816208393,107,3.076923076923077,0.3076923076923077,0.2692307692307692,13,0.6538461538461539,0.5769230769230769,17,2.6923076923076925,4,1
313,5,4,2,1517.5674344515078,1418.717205672842,98.85022877866572,0.6385387820624735,51,0.9019607843137255,82.01960784313725,49.509803921568626,7.96078431372549,3.8823529411764706,42,0.6190476190476191,73.33333333333333,44.642857142857146,5.023809523809524,3.619047619047619,3.5709515859766277,0.5726210350584308,0.24874791318864775,35,1.4140233722871451,0.7078464106844741,22,3.1636060100166943,91,3.1232876712328768,0.33268101761252444,0.2309197651663405,31,1.060665362035225,0.5322896281800391,24,2.8219178082191783,62,1
314,8,11,2,1444.5253529919976,1590.7893705698914,-146.2640175778938,0.30112143756129894,26,0.5384615384615384,77.8076923076923,46.80769230769231,7.038461538461538,3.1538461538461537,57,1.263157894736842,82.6140350877193,51.12280701754386,7.701754385964913,4.421052631578948,3.2918032786885245,0.49836065573770494,0.2098360655737705,35,1.098360655737705,0.7672131147540984,21,2.954098360655738,43,3.6619318181818183,0.5625,0.3068181818181818,37,1.3849431818181819,0.6789772727272727,21,2.8267045454545454,109,0
315,2,4,10,1589.332662316033,1411.4879813140915,177.84468100194158,0.7357036308709399,55,1.309090909090909,87.72727272727273,54.32727272727273,7.8545454545454545,4.454545454545454,43,0.6046511627906976,73.67441860465117,44.74418604651163,5.069767441860465,3.6511627906976742,3.8931185944363103,0.5651537335285505,0.3103953147877013,33,1.1200585651537336,0.8594436310395315,23,3.048316251830161,127,3.1240458015267176,0.3377862595419847,0.23091603053435114,31,1.0744274809160306,0.5553435114503816,24,2.8244274809160306,64,0
316,15,19,10,1360.5738684515766,1405.2489591241954,-44.67509067261881,0.43605939008332706,29,0.27586206896551724,68.24137931034483,39.62068965517241,4.827586206896552,4.0,22,0.36363636363636365,69.86363636363636,43.0,5.318181818181818,2.772727272727273,2.1093333333333333,0.272,0.224,18,1.216,0.7253333333333334,22,2.7333333333333334,30,2.7028985507246377,0.34782608695652173,0.15942028985507245,47,1.039855072463768,0.8586956521739131,23,2.6557971014492754,24,0
317,3,16,7,1557.375246705083,1544.1137409533787,13.261505751704362,0.5190755779157697,54,1.037037037037037,82.22222222222223,48.629629629629626,7.87037037037037,3.759259259259259,53,1.0943396226415094,85.54716981132076,49.24528301886792,8.962264150943396,3.9245283018867925,3.0806451612903225,0.48533724340175954,0.2404692082111437,33,1.3196480938416422,0.8695014662756598,24,2.9501466275659824,97,3.7979966611018363,0.674457429048414,0.2888146911519199,29,1.5926544240400669,0.9115191986644408,22,3.1385642737896493,91,0
318,4,9,3,1426.2020539315104,1440.0531852593328,-13.851131327822486,0.480077173397594,44,0.6363636363636364,74.25,45.27272727272727,5.045454545454546,3.6818181818181817,37,0.7027027027027027,71.35135135135135,40.91891891891892,6.405405405405405,4.702702702702703,3.1928838951310863,0.3389513108614232,0.23595505617977527,31,1.0786516853932584,0.5655430711610487,24,2.837078651685393,66,2.688984881209503,0.42764578833693306,0.2958963282937365,25,1.2721382289416847,0.46004319654427644,22,2.863930885529158,54,1
319,4,3,7,1436.6005104635585,1546.9937351467677,-110.39322468320916,0.3462702537129393,45,0.6666666666666666,74.28888888888889,45.46666666666667,4.977777777777778,3.688888888888889,55,1.018181818181818,81.85454545454546,48.43636363636364,7.8545454545454545,3.690909090909091,3.2047531992687386,0.33455210237659966,0.2376599634369287,31,1.0749542961608776,0.5557586837294333,24,2.8244972577696528,68,3.0779220779220777,0.48484848484848486,0.23665223665223664,33,1.331890331890332,0.8643578643578643,24,2.9437229437229435,97,1
320,1,2,3,1725.1464614473498,1574.6185896986142,150.5278717487356,0.704018583782098,80,1.625,88.625,54.9625,8.1,4.95,56,1.2857142857142858,87.83928571428571,54.32142857142857,7.875,4.428571428571429,3.812753036437247,0.5587044534412956,0.354251012145749,35,1.1497975708502024,0.7408906882591093,25,3.006072874493927,182,3.8951149425287355,0.5646551724137931,0.3074712643678161,33,1.1206896551724137,0.8505747126436781,23,3.0474137931034484,130,0
321,10,16,10,1623.185340268914,1554.4952525116942,68.69008775721977,0.5975848296450774,53,1.4339622641509433,86.0,53.339622641509436,8.056603773584905,3.641509433962264,54,1.1111111111111112,85.35185185185185,49.2037037037037,8.88888888888889,3.888888888888889,4.208538587848933,0.6518883415435139,0.26108374384236455,34,1.7471264367816093,0.8784893267651889,22,3.050903119868637,109,3.812807881773399,0.6715927750410509,0.28735632183908044,29,1.6091954022988506,0.9146141215106732,22,3.12807881773399,93,1
322,6,11,4,1479.9670524007463,1596.8117993211174,-116.84474692037111,0.3379121207965572,15,0.6666666666666666,80.53333333333333,44.13333333333333,9.0,4.466666666666667,58,1.2758620689655173,82.91379310344827,51.293103448275865,7.775862068965517,4.5,3.1559139784946235,0.6774193548387096,0.3118279569892473,24,1.510752688172043,0.8333333333333334,20,2.8118279569892475,22,3.6829608938547485,0.5698324022346368,0.3128491620111732,37,1.3798882681564246,0.6885474860335196,21,2.8310055865921786,111,0
323,9,10,7,1429.6547287272847,1631.2336436760124,-201.57891494872774,0.23859796943038036,38,0.6842105263157895,71.23684210526316,40.73684210526316,6.5,4.631578947368421,54,1.4444444444444444,85.79629629629629,53.148148148148145,8.092592592592593,3.611111111111111,2.668067226890756,0.4369747899159664,0.28781512605042014,25,1.2478991596638656,0.45588235294117646,22,2.8550420168067228,54,4.194847020933977,0.6553945249597424,0.25925925925925924,34,1.7407407407407407,0.8760064412238325,22,3.0386473429951693,111,0
324,11,1,8,1603.5700417370485,1711.0660897717078,-107.49604803465922,0.35005510568803677,59,1.2881355932203389,83.1864406779661,51.50847457627118,7.813559322033898,4.47457627118644,81,1.6049382716049383,88.53086419753086,54.91358024691358,8.049382716049383,4.9753086419753085,3.715268225584594,0.5749656121045392,0.312242090784044,37,1.372764786795048,0.6987620357634112,21,2.839064649243466,115,3.8011988011988014,0.5544455544455544,0.35664335664335667,35,1.1408591408591409,0.7432567432567433,25,3.006993006993007,184,1
325,3,2,7,1533.9191402210265,1588.6989613742562,-54.779821153229705,0.4218123314906651,56,1.0,81.48214285714286,48.285714285714285,7.803571428571429,3.625,57,1.2982456140350878,88.01754385964912,54.29824561403509,7.947368421052632,4.473684210526316,3.057991513437058,0.4780763790664781,0.23196605374823195,33,1.316831683168317,0.8585572842998586,24,2.9306930693069306,98,3.903954802259887,0.5720338983050848,0.307909604519774,33,1.11864406779661,0.846045197740113,23,3.056497175141243,133,0
326,10,2,1,1636.0056030646201,1597.1352080040695,38.87039506055066,0.555706767504492,55,1.4545454545454546,85.6,52.96363636363636,8.054545454545455,3.672727272727273,58,1.3103448275862069,88.46551724137932,54.55172413793103,8.086206896551724,4.568965517241379,4.187004754358162,0.6481774960380349,0.26465927099841524,34,1.7591125198098256,0.8811410459587956,22,3.030110935023772,112,3.926490984743412,0.5839112343966713,0.31484049930651875,33,1.117891816920943,0.855755894590846,23,3.073509015256588,135,1
327,16,10,3,1546.4469491045957,1644.8914677145303,-98.44451860993468,0.36200043163920553,55,1.0909090909090908,84.89090909090909,48.92727272727273,8.818181818181818,3.8727272727272726,56,1.4642857142857142,85.66071428571429,52.982142857142854,7.982142857142857,3.6964285714285716,3.7491961414790995,0.6607717041800643,0.2845659163987138,29,1.5980707395498392,0.9163987138263665,22,3.117363344051447,94,4.191588785046729,0.6433021806853583,0.26791277258566976,34,1.7694704049844237,0.8847352024922118,22,3.032710280373832,115,1
328,10,11,5,1632.1314763473144,1616.5689396232879,15.562536724026586,0.5223813242247812,57,1.4385964912280702,85.6140350877193,52.94736842105263,7.964912280701754,3.6666666666666665,60,1.3,83.1,51.35,7.816666666666666,4.55,4.18348623853211,0.6422018348623854,0.26605504587155965,34,1.7660550458715596,0.8776758409785933,22,3.0336391437308867,116,3.716417910447761,0.576662143826323,0.31886024423337855,37,1.3799185888738128,0.694708276797829,21,2.8344640434192674,117,1
329,16,3,1,1559.2069404718115,1525.4828935912133,33.72404688059828,0.5483809559744822,56,1.1071428571428572,85.08928571428571,49.07142857142857,8.767857142857142,3.8392857142857144,57,0.9824561403508771,81.73684210526316,48.43859649122807,7.771929824561403,3.6140350877192984,3.7681388012618298,0.6577287066246057,0.2823343848580442,29,1.5899053627760253,0.9132492113564669,22,3.1167192429022084,96,3.072122052704577,0.47572815533980584,0.2302357836338419,33,1.3148404993065188,0.8515950069348127,24,2.9486823855755895,100,0
330,5,11,8,1524.7966588102584,1607.0165661077835,-82.2199072975252,0.38383646156765,52,0.9230769230769231,82.21153846153847,49.65384615384615,7.980769230769231,3.8461538461538463,61,1.278688524590164,82.62295081967213,51.09836065573771,7.737704918032787,4.524590163934426,3.585924713584288,0.574468085106383,0.24549918166939444,35,1.4173486088379705,0.7168576104746317,22,3.1636661211129296,94,3.675099866844208,0.5685752330226365,0.3155792276964048,37,1.3715046604527297,0.6884154460719041,21,2.825565912117177,117,0
331,21,22,9,1495.2437013546507,1495.4932477498837,-0.24954639523298283,0.4996408739307099,3,0.6666666666666666,69.33333333333333,44.0,6.333333333333333,4.0,3,0.6666666666666666,91.66666666666667,60.666666666666664,5.666666666666667,4.333333333333333,2.5526315789473686,0.3157894736842105,0.21052631578947367,29,1.4473684210526316,0.7105263157894737,14,2.9210526315789473,3,4.0256410256410255,0.41025641025641024,0.2564102564102564,20,1.1025641025641026,0.6153846153846154,18,3.1538461538461537,8,0
332,2,16,3,1588.2493433541592,1548.239321352322,40.01002200183734,0.557325867041122,59,1.2881355932203389,88.27118644067797,54.49152542372882,8.084745762711865,4.576271186440678,57,1.087719298245614,84.63157894736842,48.91228070175438,8.68421052631579,3.789473684210526,3.9249658935879945,0.5852660300136425,0.3165075034106412,33,1.1145975443383356,0.859481582537517,23,3.0750341064120055,137,3.7418856259659967,0.6506955177743431,0.2782071097372488,29,1.5780525502318392,0.9041731066460588,22,3.097372488408037,97,1
333,16,23,1,1539.3858386931443,1485.328922315592,54.05691637755217,0.5771724358279366,58,1.0689655172413792,84.63793103448276,48.98275862068966,8.672413793103448,3.7241379310344827,2,0.0,57.0,33.0,5.5,1.0,3.7420333839150226,0.6494688922610015,0.2731411229135053,29,1.5735963581183612,0.9074355083459787,22,3.100151745068285,99,2.5652173913043477,0.391304347826087,0.043478260869565216,14,1.4782608695652173,1.173913043478261,13,2.608695652173913,1,1
334,1,2,2,1698.0671918854684,1597.1028260133369,100.96436587213157,0.6413429296731263,82,1.5853658536585367,88.2560975609756,54.69512195121951,7.975609756097561,4.963414634146342,60,1.3,88.48333333333333,54.8,8.083333333333334,4.616666666666666,3.7830374753451674,0.5483234714003945,0.35601577909270216,35,1.1420118343195267,0.7386587771203156,25,3.001972386587771,185,3.9437751004016066,0.5823293172690763,0.31860776439089694,33,1.1178045515394912,0.856760374832664,23,3.074966532797858,140,1
335,1,11,10,1705.240333292006,1614.6932953391365,90.54703795286946,0.6274354882715427,83,1.5903614457831325,88.09638554216868,54.65060240963855,7.963855421686747,4.9397590361445785,62,1.2903225806451613,82.5,51.08064516129032,7.645161290322581,4.5,3.7996089931573804,0.5503421309872922,0.35581622678396874,35,1.1407624633431086,0.739980449657869,25,3.0019550342130987,188,3.6863517060367452,0.562992125984252,0.31496062992125984,37,1.3766404199475066,0.6797900262467191,21,2.8188976377952755,119,0
336,19,8,8,1413.9701469258619,1438.5029242407716,-24.53277731490971,0.46475305537216205,23,0.43478260869565216,70.78260869565217,43.43478260869565,5.565217391304348,2.869565217391304,27,0.5185185185185185,78.33333333333333,47.18518518518518,6.962962962962963,3.1481481481481484,2.754325259515571,0.356401384083045,0.16608996539792387,47,1.0380622837370241,0.8512110726643599,23,2.6782006920415227,26,3.29874213836478,0.48742138364779874,0.21069182389937108,35,1.119496855345912,0.7861635220125787,22,2.949685534591195,46,0
337,10,8,2,1641.6838498628188,1447.7979853482148,193.885864514604,0.7532639867269606,58,1.4482758620689655,85.43103448275862,52.8448275862069,7.931034482758621,3.6551724137931036,28,0.5714285714285714,79.42857142857143,47.92857142857143,6.964285714285714,3.1785714285714284,4.175675675675675,0.6396396396396397,0.26576576576576577,34,1.7507507507507507,0.8738738738738738,22,3.021021021021021,119,3.280966767371601,0.486404833836858,0.21148036253776434,35,1.1540785498489425,0.7824773413897281,22,2.9939577039274923,49,1
338,5,16,10,1517.1199295789054,1547.8423899765855,-30.722460397680152,0.4559017036294189,53,0.9056603773584906,81.79245283018868,49.39622641509434,7.943396226415095,3.811320754716981,59,1.0847457627118644,85.11864406779661,49.271186440677965,8.745762711864407,3.7288135593220337,3.5528846153846154,0.5721153846153846,0.2419871794871795,35,1.4006410256410255,0.717948717948718,22,3.1474358974358974,96,3.7701492537313435,0.6537313432835821,0.2746268656716418,29,1.5955223880597016,0.9059701492537313,22,3.1134328358208956,102,0
339,1,3,4,1692.691623526575,1536.450512710703,156.24111081587216,0.7108253916962654,84,1.5714285714285714,88.17857142857143,54.726190476190474,7.928571428571429,4.940476190476191,58,1.0,81.62068965517241,48.58620689655172,7.724137931034483,3.6206896551724137,3.7926711668273865,0.5467695274831244,0.3548698167791707,35,1.14175506268081,0.7386692381870781,25,3.0115718418514947,189,3.099726775956284,0.47404371584699456,0.23087431693989072,33,1.3210382513661203,0.8497267759562842,24,2.9371584699453552,103,1
340,2,1,1,1589.9296846067994,1698.4751156926498,-108.5454310858504,0.3486819866762409,61,1.278688524590164,88.01639344262296,54.622950819672134,8.01639344262295,4.557377049180328,85,1.576470588235294,88.03529411764706,54.741176470588236,7.929411764705883,4.894117647058824,3.931578947368421,0.5776315789473684,0.3144736842105263,33,1.111842105263158,0.8473684210526315,23,3.0631578947368423,142,3.8053435114503817,0.5486641221374046,0.3520992366412214,35,1.1412213740458015,0.7375954198473282,25,3.0095419847328246,192,0
341,5,15,7,1508.001895506317,1351.85268064991,156.14921485640684,0.7107166431073364,54,0.8888888888888888,81.98148148148148,49.53703703703704,7.944444444444445,3.814814814814815,30,0.26666666666666666,68.93333333333334,40.13333333333333,5.0,4.066666666666666,3.5763779527559056,0.5748031496062992,0.2440944881889764,35,1.4188976377952756,0.7196850393700788,22,3.152755905511811,98,2.1917098445595853,0.29015544041450775,0.23316062176165803,18,1.238341968911917,0.7331606217616581,22,2.743523316062176,33,1
342,19,11,3,1404.6750858184187,1627.2420051045674,-222.56691928614873,0.21734633647790982,24,0.4166666666666667,72.125,44.708333333333336,5.541666666666667,2.875,63,1.3015873015873016,82.88888888888889,51.333333333333336,7.698412698412699,4.507936507936508,2.8963210702341136,0.3612040133779264,0.1705685618729097,47,1.0668896321070234,0.862876254180602,23,2.7157190635451505,29,3.678709677419355,0.567741935483871,0.3161290322580645,37,1.3896774193548387,0.6774193548387096,21,2.830967741935484,121,0
343,4,8,3,1449.6751053892997,1442.863265082754,6.811840306545719,0.509801770323595,46,0.6956521739130435,74.30434782608695,45.52173913043478,4.978260869565218,3.652173913043478,29,0.5517241379310345,78.20689655172414,47.206896551724135,6.827586206896552,3.0689655172413794,3.2035714285714287,0.3339285714285714,0.2357142857142857,31,1.075,0.5517857142857143,24,2.8142857142857145,70,3.2332361516034984,0.4752186588921283,0.20408163265306123,35,1.1428571428571428,0.7959183673469388,22,2.9708454810495626,50,1
344,10,6,1,1646.6185701282795,1473.2088099848152,173.40976014346438,0.7307098078165875,59,1.4576271186440677,85.2542372881356,52.74576271186441,7.9491525423728815,3.6440677966101696,16,0.625,81.5,45.5,8.75,4.5625,4.141176470588236,0.638235294117647,0.2647058823529412,34,1.7441176470588236,0.8632352941176471,22,3.010294117647059,120,3.195,0.65,0.3,28,1.49,0.86,20,2.805,24,0
345,2,19,3,1582.9560448732745,1400.3281590888605,182.62788578441405,0.7410226563210561,62,1.2580645161290323,88.04838709677419,54.61290322580645,8.016129032258064,4.5,25,0.4,72.36,44.72,5.4,2.88,3.9391191709844557,0.5790155440414507,0.31088082901554404,33,1.1126943005181347,0.8536269430051814,23,3.076424870466321,144,2.8906752411575565,0.3536977491961415,0.17363344051446947,47,1.0771704180064308,0.8585209003215434,23,2.7234726688102895,31,1
346,4,10,4,1459.4790699828277,1632.0043739719479,-172.52530398912018,0.27029320612789676,47,0.723404255319149,74.61702127659575,45.61702127659574,5.042553191489362,3.723404255319149,60,1.4333333333333333,85.2,52.65,7.916666666666667,3.6333333333333333,3.215034965034965,0.33916083916083917,0.23776223776223776,31,1.06993006993007,0.5472027972027972,24,2.8181818181818183,71,4.135838150289017,0.6358381502890174,0.2630057803468208,34,1.7485549132947977,0.8742774566473989,22,3.008670520231214,123,0
347,10,15,8,1637.4102380945058,1346.0670135120567,291.343224582449,0.8425209924348462,61,1.4426229508196722,85.0327868852459,52.52459016393443,7.901639344262295,3.6885245901639343,31,0.25806451612903225,68.51612903225806,39.96774193548387,4.935483870967742,4.032258064516129,4.1076487252124645,0.6331444759206799,0.26487252124645894,34,1.7308781869688386,0.8668555240793201,22,2.9943342776203967,125,2.1959798994974875,0.2864321608040201,0.23366834170854273,18,1.2336683417085428,0.7261306532663316,22,2.7311557788944723,33,1
348,19,8,3,1395.1486122152817,1433.059300489226,-37.91068827394429,0.4456576340898454,26,0.38461538461538464,72.0,44.42307692307692,5.3076923076923075,2.8461538461538463,30,0.5333333333333333,78.56666666666666,47.13333333333333,6.766666666666667,3.2,2.8975155279503104,0.35093167701863354,0.17391304347826086,47,1.0776397515527951,0.84472049689441,23,2.7111801242236027,33,3.2366197183098593,0.4732394366197183,0.21690140845070421,35,1.1267605633802817,0.7943661971830986,22,2.9774647887323944,51,0
349,4,19,7,1454.0732058602698,1386.2354595334848,67.83774632678501,0.5964043722370911,48,0.7083333333333334,74.1875,45.416666666666664,4.9375,3.7083333333333335,27,0.37037037037037035,72.33333333333333,44.74074074074074,5.407407407407407,2.8518518518518516,3.1877133105802047,0.3310580204778157,0.2354948805460751,31,1.0648464163822526,0.5426621160409556,24,2.7986348122866893,73,2.8835820895522386,0.34626865671641793,0.1701492537313433,47,1.0925373134328358,0.8567164179104477,23,2.71044776119403,35,1
350,16,15,3,1556.960424049174,1342.9174333607536,214.04299068842033,0.7741912438863907,60,1.1,85.3,49.38333333333333,8.75,3.716666666666667,32,0.25,67.96875,39.75,4.9375,3.9375,3.7926470588235293,0.6558823529411765,0.275,29,1.6073529411764707,0.9044117647058824,22,3.1161764705882353,104,2.207317073170732,0.29024390243902437,0.22926829268292684,18,1.2146341463414634,0.7170731707317073,22,2.731707317073171,34,1
351,8,16,3,1441.9724531710228,1561.4765991714462,-119.50414600042336,0.33449568036917365,31,0.5806451612903226,79.03225806451613,47.74193548387097,6.741935483870968,3.225806451612903,61,1.1147540983606556,85.68852459016394,49.57377049180328,8.967213114754099,3.721311475409836,3.244565217391304,0.47282608695652173,0.22010869565217392,35,1.1576086956521738,0.7934782608695652,22,2.989130434782609,52,3.8092485549132946,0.6748554913294798,0.2745664739884393,29,1.615606936416185,0.9089595375722543,22,3.13728323699422,106,0
352,15,3,2,1338.4012582384814,1530.6670205446283,-192.26576230614683,0.24847342080960774,33,0.24242424242424243,69.0909090909091,40.36363636363637,5.121212121212121,3.9393939393939394,59,0.9830508474576272,81.35593220338983,48.47457627118644,7.694915254237288,3.593220338983051,2.2476415094339623,0.30424528301886794,0.22877358490566038,18,1.25,0.7051886792452831,22,2.7617924528301887,36,3.0913978494623655,0.4717741935483871,0.22849462365591397,33,1.310483870967742,0.8467741935483871,24,2.931451612903226,104,0
353,5,1,6,1513.7875626441703,1705.4487554261746,-191.66119278200426,0.24912385913544463,55,0.9090909090909091,81.85454545454546,49.4,7.945454545454545,3.8363636363636364,86,1.5813953488372092,88.24418604651163,54.825581395348834,7.976744186046512,4.906976744186046,3.5687789799072642,0.5749613601236476,0.2472952086553323,35,1.4188562596599692,0.7171561051004637,22,3.134466769706337,100,3.819811320754717,0.5537735849056604,0.35377358490566035,35,1.1452830188679246,0.7377358490566037,25,3.0160377358490567,196,0
354,16,9,7,1568.1665127788297,1424.882769338677,143.28374344015265,0.6952558911209036,62,1.1290322580645162,86.0,49.87096774193548,8.983870967741936,3.7419354838709675,39,0.6666666666666666,71.0,40.48717948717949,6.538461538461538,4.589743589743589,3.825531914893617,0.6737588652482269,0.27375886524822696,29,1.6212765957446809,0.9035460992907801,22,3.1446808510638298,109,2.6804123711340204,0.44329896907216493,0.28865979381443296,25,1.2618556701030927,0.46804123711340206,22,2.8536082474226805,55,1
355,5,4,4,1508.8050854614614,1462.145118415528,46.6599670459334,0.5667482813371741,56,0.8928571428571429,81.96428571428571,49.517857142857146,7.946428571428571,3.8392857142857144,49,0.7346938775510204,74.20408163265306,45.44897959183673,5.0,3.7346938775510203,3.559939301972686,0.5766312594840668,0.2473444613050076,35,1.4142640364188164,0.7147192716236722,22,3.1456752655538693,102,3.1666666666666665,0.33166666666666667,0.23666666666666666,31,1.065,0.5483333333333333,24,2.783333333333333,75,1
356,11,10,10,1631.5889318341256,1640.5598182458089,-8.970886411683296,0.48709272491767497,64,1.3125,83.109375,51.515625,7.671875,4.53125,62,1.4516129032258065,84.87096774193549,52.41935483870968,7.838709677419355,3.661290322580645,3.6950444726810674,0.5667090216010165,0.3176620076238882,37,1.3926302414231257,0.6785260482846251,21,2.836086404066074,124,4.110335195530726,0.6298882681564246,0.2639664804469274,34,1.723463687150838,0.8645251396648045,22,2.988826815642458,126,1
357,3,19,10,1535.6364889608203,1378.1635469782266,157.47294198259374,0.712280781704376,60,1.0,81.61666666666666,48.666666666666664,7.783333333333333,3.5833333333333335,28,0.35714285714285715,71.53571428571429,44.07142857142857,5.357142857142857,2.75,3.1084656084656084,0.48148148148148145,0.2275132275132275,33,1.3082010582010581,0.8492063492063492,24,2.937830687830688,106,2.8137535816618913,0.3438395415472779,0.16332378223495703,47,1.0716332378223496,0.8538681948424068,23,2.681948424068768,35,1
358,2,12,4,1588.1355917468534,1361.8232324373155,226.3123593095379,0.7862988952852544,63,1.2698412698412698,87.84126984126983,54.507936507936506,8.031746031746032,4.476190476190476,17,0.0,57.1764705882353,32.294117647058826,3.3529411764705883,3.588235294117647,3.9287531806615776,0.5801526717557252,0.30916030534351147,33,1.1055979643765903,0.8473282442748091,23,3.063613231552163,146,1.946188340807175,0.21973094170403587,0.22869955156950672,13,1.0,0.7668161434977578,19,2.4529147982062782,7,1
359,2,19,7,1592.4096138411483,1372.409162612314,220.0004512288342,0.7801300495321757,64,1.28125,87.640625,54.28125,8.0,4.53125,29,0.3448275862068966,72.51724137931035,45.03448275862069,5.551724137931035,2.7241379310344827,3.89,0.57375,0.31,33,1.09625,0.83875,23,3.04625,146,2.8950276243093924,0.35911602209944754,0.1574585635359116,47,1.0883977900552486,0.8784530386740331,23,2.7320441988950277,37,1
360,11,6,1,1641.8470773357722,1487.8230061411468,154.02407119462532,0.7081950242205638,65,1.323076923076923,82.98461538461538,51.49230769230769,7.630769230769231,4.569230769230769,17,0.7058823529411765,82.29411764705883,45.64705882352941,9.294117647058824,4.764705882352941,3.7114178168130487,0.5658720200752823,0.3212045169385194,37,1.397741530740276,0.6800501882057717,21,2.8318695106649936,126,3.187793427230047,0.6807511737089202,0.30985915492957744,28,1.5258215962441315,0.8544600938967136,21,2.7981220657276995,26,0
361,11,4,2,1627.683176851361,1453.4800840422715,174.2030928090894,0.7316074813480442,66,1.303030303030303,82.72727272727273,51.22727272727273,7.606060606060606,4.5606060606060606,50,0.72,74.42,45.58,5.06,3.74,3.698019801980198,0.5631188118811881,0.32054455445544555,37,1.3997524752475248,0.676980198019802,21,2.8316831683168315,126,3.210526315789474,0.3404605263157895,0.24013157894736842,31,1.074013157894737,0.5493421052631579,24,2.7976973684210527,78,1
362,9,14,7,1418.7878871610951,1442.7922812126437,-24.004394051548616,0.46550976180856185,40,0.65,70.525,40.175,6.475,4.475,7,0.0,44.285714285714285,24.142857142857142,4.0,1.1428571428571428,2.647887323943662,0.44064386317907445,0.28169014084507044,25,1.2635814889336017,0.46680080482897385,22,2.8490945674044266,55,1.4945054945054945,0.26373626373626374,0.04395604395604396,11,0.7362637362637363,0.6703296703296703,16,2.2637362637362637,2,1
363,5,6,1,1517.470119834718,1501.986906625558,15.483213209159885,0.5222673960813495,57,0.9122807017543859,82.2280701754386,49.771929824561404,7.964912280701754,3.8421052631578947,18,0.7777777777777778,81.88888888888889,45.611111111111114,9.333333333333334,4.666666666666667,3.5776119402985076,0.5701492537313433,0.24776119402985075,35,1.4194029850746268,0.7134328358208956,22,3.147761194029851,105,3.219730941704036,0.6905829596412556,0.3094170403587444,28,1.5964125560538116,0.8654708520179372,21,2.7937219730941703,27,0
364,6,11,6,1512.432254547185,1633.0510272244,-120.61877267721502,0.3330688771178888,19,0.8421052631578947,81.52631578947368,45.10526315789474,9.31578947368421,4.578947368421052,67,1.3134328358208955,83.02985074626865,51.38805970149254,7.626865671641791,4.611940298507463,3.217948717948718,0.6965811965811965,0.29914529914529914,28,1.5811965811965811,0.8803418803418803,21,2.782051282051282,28,3.726161369193154,0.5672371638141809,0.3264058679706601,37,1.4058679706601467,0.6797066014669927,21,2.838630806845966,128,1
365,11,5,7,1619.7124047667578,1507.024771913091,112.68763285366686,0.6567134287833472,68,1.2941176470588236,83.20588235294117,51.44117647058823,7.676470588235294,4.588235294117647,58,0.896551724137931,81.89655172413794,49.53448275862069,7.896551724137931,3.8620689655172415,3.7289156626506026,0.5710843373493976,0.3240963855421687,37,1.4132530120481928,0.6783132530120481,21,2.846987951807229,130,3.5497076023391814,0.564327485380117,0.24853801169590642,35,1.4283625730994152,0.7032163742690059,22,3.1315789473684212,106,1
366,16,6,4,1574.2613949564116,1525.7708770048273,48.49051795158425,0.569333865269719,63,1.1428571428571428,85.82539682539682,49.79365079365079,8.968253968253968,3.7777777777777777,20,0.9,82.6,45.75,9.25,4.5,3.818688981868898,0.6736401673640168,0.27615062761506276,29,1.620641562064156,0.895397489539749,22,3.1283124128312414,110,3.272357723577236,0.6951219512195121,0.2967479674796748,28,1.6991869918699187,0.8983739837398373,21,2.813008130081301,30,1
367,4,11,4,1448.1122336692324,1626.5781361910908,-178.46590252185842,0.2636016169512186,51,0.7058823529411765,74.72549019607843,45.94117647058823,5.078431372549019,3.6862745098039214,69,1.3043478260869565,83.3913043478261,51.6231884057971,7.72463768115942,4.579710144927536,3.2270531400966185,0.34299516908212563,0.23671497584541062,31,1.0837359098228663,0.5684380032206119,24,2.8115942028985508,80,3.7479191438763375,0.5755053507728894,0.3222354340071344,37,1.422116527942925,0.6825208085612366,21,2.8478002378121285,134,0
368,5,16,4,1500.159040488758,1582.8747176510171,-82.71567716225923,0.3831617256989353,59,0.8813559322033898,81.7457627118644,49.40677966101695,7.88135593220339,3.830508474576271,64,1.15625,85.953125,50.0,8.921875,3.765625,3.5402298850574714,0.5617816091954023,0.2471264367816092,35,1.4252873563218391,0.7011494252873564,22,3.139367816091954,108,3.831043956043956,0.6689560439560439,0.27472527472527475,29,1.6277472527472527,0.8942307692307693,22,3.1263736263736264,113,0
369,2,15,4,1596.8070128505046,1333.4317898222894,263.37522302821526,0.8199648931263973,65,1.2923076923076924,87.44615384615385,54.13846153846154,7.984615384615385,4.6,34,0.23529411764705882,69.44117647058823,40.64705882352941,5.176470588235294,3.9705882352941178,3.8659286592865927,0.5719557195571956,0.31365313653136534,33,1.0971709717097171,0.8364083640836408,23,3.040590405904059,147,2.2700228832951943,0.30663615560640733,0.2311212814645309,18,1.2471395881006866,0.7116704805491991,22,2.7734553775743707,39,1
370,9,11,3,1429.4776919249239,1631.8501685301153,-202.37247660519142,0.23776907713058712,41,0.6829268292682927,70.63414634146342,40.31707317073171,6.463414634146342,4.439024390243903,70,1.3142857142857143,83.6,51.84285714285714,7.742857142857143,4.557142857142857,2.673870333988212,0.44204322200392926,0.28094302554027506,25,1.2593320235756384,0.4656188605108055,22,2.8447937131630647,56,3.7678780773739744,0.5779601406799532,0.3212192262602579,37,1.4161781946072685,0.6858147713950762,21,2.8499413833528724,138,0
371,16,1,4,1590.5379521649959,1710.4312326088834,-119.89328044388753,0.3339972142979962,65,1.1692307692307693,85.78461538461538,49.96923076923077,8.876923076923077,3.753846153846154,87,1.5862068965517242,88.37931034482759,54.85057471264368,7.977011494252873,4.954022988505747,3.854619565217391,0.6698369565217391,0.2758152173913043,29,1.6290760869565217,0.904891304347826,22,3.123641304347826,117,3.8238583410997204,0.5535880708294502,0.3560111835973905,35,1.1425908667287978,0.7381174277726001,25,3.017707362534949,199,0
372,11,2,6,1636.605550072727,1600.4077149879768,36.197835084750295,0.5519052033229024,71,1.323943661971831,83.47887323943662,51.690140845070424,7.732394366197183,4.535211267605634,66,1.303030303030303,87.27272727272727,53.92424242424242,8.015151515151516,4.590909090909091,3.7491329479768787,0.5757225433526012,0.3190751445086705,37,1.4115606936416185,0.6820809248554913,21,2.8439306358381504,139,3.861482381530984,0.5722964763061968,0.31470230862697446,33,1.0996354799513974,0.8323207776427703,23,3.035236938031592,148,1
373,11,19,2,1645.567446006269,1368.0117636029577,277.55568240331127,0.8317021338070562,72,1.3333333333333333,83.61111111111111,51.763888888888886,7.736111111111111,4.583333333333333,30,0.3333333333333333,71.56666666666666,44.2,5.433333333333334,2.7,3.7579908675799087,0.5764840182648402,0.3230593607305936,37,1.41324200913242,0.6883561643835616,21,2.8504566210045663,141,2.8138297872340425,0.3484042553191489,0.15425531914893617,47,1.0638297872340425,0.8696808510638298,23,2.7074468085106385,37,1
374,18,1,6,1546.9924983857713,1717.1111768948433,-170.11867850907197,0.27303430694155373,4,2.0,91.0,60.25,5.0,3.25,88,1.5909090909090908,88.5,55.0,7.931818181818182,4.954545454545454,4.44,0.34,0.22,28,1.44,0.62,16,2.82,11,3.8282548476454292,0.5512465373961218,0.3573407202216066,35,1.1477377654662972,0.7368421052631579,25,3.0212373037857803,202,1
375,3,4,4,1541.3908733267328,1442.840201330208,98.5506719965249,0.63814068635333,61,1.0163934426229508,82.11475409836065,49.049180327868854,7.80327868852459,3.540983606557377,52,0.6923076923076923,74.92307692307692,46.07692307692308,5.076923076923077,3.6153846153846154,3.122077922077922,0.4792207792207792,0.22467532467532467,40,1.3155844155844156,0.8558441558441559,24,2.9558441558441557,107,3.2413249211356465,0.3438485804416404,0.23186119873817035,31,1.0804416403785488,0.5646687697160884,24,2.810725552050473,83,1
376,11,9,4,1648.9334033301277,1424.7223103823121,224.2110929478156,0.7842593539548159,73,1.3424657534246576,83.8082191780822,51.821917808219176,7.767123287671233,4.561643835616438,42,0.6666666666666666,70.45238095238095,40.357142857142854,6.357142857142857,4.357142857142857,3.7722660653889517,0.580608793686584,0.322435174746336,37,1.414881623449831,0.6888387824126269,21,2.85456595264938,143,2.685823754789272,0.43486590038314177,0.27586206896551724,25,1.2490421455938698,0.4674329501915709,22,2.8333333333333335,58,1
377,23,5,1,1476.8723710321508,1492.4958059747792,-15.623434942628364,0.47753121248384844,3,0.0,71.0,43.666666666666664,6.0,3.0,60,0.8666666666666667,81.43333333333334,49.25,7.85,3.783333333333333,3.6470588235294117,0.47058823529411764,0.23529411764705882,15,1.6470588235294117,1.0294117647058822,13,3.2058823529411766,5,3.5338983050847457,0.559322033898305,0.2443502824858757,35,1.423728813559322,0.71045197740113,22,3.132768361581921,109,0
378,6,18,6,1517.1575543102217,1561.5318122469403,-44.37425793671855,0.43648529022656096,21,0.8571428571428571,81.95238095238095,45.285714285714285,9.19047619047619,4.380952380952381,5,2.0,93.6,63.4,5.0,3.4,3.2364341085271318,0.6937984496124031,0.29069767441860467,28,1.7170542635658914,0.9069767441860465,21,2.8449612403100777,30,4.666666666666667,0.3492063492063492,0.2222222222222222,28,1.3650793650793651,0.6190476190476191,16,2.9523809523809526,14,0
379,15,1,2,1329.8310876848172,1702.5718630336744,-372.74077534885714,0.10473669071829889,35,0.22857142857142856,69.08571428571429,40.457142857142856,5.057142857142857,3.942857142857143,89,1.5730337078651686,88.68539325842697,55.168539325842694,8.0,4.943820224719101,2.2394678492239466,0.29711751662971175,0.2261640798226164,18,1.2416851441241685,0.70509977827051,22,2.7605321507760534,39,3.843065693430657,0.5556569343065694,0.35675182481751827,35,1.157846715328467,0.7372262773722628,25,3.0273722627737225,205,0
380,10,9,3,1630.3016727441623,1420.4074974614084,209.89417528275385,0.7699888056467158,63,1.4285714285714286,84.47619047619048,52.12698412698413,7.746031746031746,3.6666666666666665,43,0.6511627906976745,69.86046511627907,39.97674418604651,6.255813953488372,4.3023255813953485,4.083676268861454,0.6213991769547325,0.26337448559670784,34,1.7119341563786008,0.8614540466392319,22,2.9794238683127574,127,2.657303370786517,0.4288389513108614,0.27340823970037453,25,1.2453183520599251,0.45880149812734083,22,2.8295880149812733,58,1
381,11,19,10,1653.2482162510314,1364.645806279099,288.6024099719325,0.8404163271820233,74,1.3513513513513513,83.6891891891892,51.7027027027027,7.783783783783784,4.594594594594595,31,0.3225806451612903,71.6774193548387,44.38709677419355,5.451612903225806,2.6129032258064515,3.761111111111111,0.5822222222222222,0.3244444444444444,37,1.41,0.6833333333333333,21,2.848888888888889,143,2.845360824742268,0.35309278350515466,0.14948453608247422,47,1.077319587628866,0.865979381443299,23,2.713917525773196,38,0
382,8,16,8,1435.2825395636394,1583.858007879036,-148.57546831539662,0.29832870328080785,32,0.5625,79.78125,48.28125,6.84375,3.15625,66,1.1515151515151516,85.71212121212122,49.984848484848484,8.848484848484848,3.742424242424242,3.2710526315789474,0.48157894736842105,0.21578947368421053,35,1.168421052631579,0.7921052631578948,22,3.028947368421053,56,3.8647925033467203,0.6666666666666666,0.2757697456492637,29,1.6358768406961177,0.9143239625167336,22,3.1218206157965196,120,1
383,10,11,6,1634.901896631228,1636.4398897073909,-1.5379930761628202,0.49778666450080883,64,1.4375,84.671875,52.21875,7.875,3.703125,75,1.3333333333333333,83.46666666666667,51.626666666666665,7.733333333333333,4.573333333333333,4.084905660377358,0.6307277628032345,0.26549865229110514,34,1.702156334231806,0.8638814016172507,22,2.9824797843665767,129,3.7565789473684212,0.5789473684210527,0.32346491228070173,37,1.4133771929824561,0.680921052631579,21,2.8453947368421053,144,0
384,1,3,7,1704.6665968480404,1548.6280595996664,156.03853724837404,0.7105856363523866,90,1.5777777777777777,88.88888888888889,55.266666666666666,8.088888888888889,4.944444444444445,62,1.032258064516129,82.0,49.04838709677419,7.709677419354839,3.564516129032258,3.8512173128944998,0.5608656447249775,0.3570784490532011,35,1.1587015329125339,0.7511271415689811,25,3.024346257889991,207,3.1360718870346598,0.4762516046213094,0.22849807445442877,40,1.3157894736842106,0.8575096277278562,24,2.9537869062901154,110,1
385,8,2,3,1449.3159654980232,1591.4458190544349,-142.12985355641172,0.3061532746510217,33,0.6060606060606061,80.60606060606061,48.75757575757576,7.121212121212121,3.1818181818181817,67,1.2835820895522387,87.25373134328358,54.11940298507463,7.940298507462686,4.552238805970149,3.2908163265306123,0.4923469387755102,0.21428571428571427,35,1.1811224489795917,0.7857142857142857,22,3.058673469387755,59,3.873053892215569,0.5676646706586826,0.3125748502994012,33,1.1005988023952096,0.8431137724550898,23,3.0407185628742517,150,0
386,19,10,7,1381.4541328227394,1624.9461633412118,-243.49203051847235,0.19755396813506554,32,0.375,71.78125,44.375,5.46875,2.625,65,1.4153846153846155,84.26153846153846,52.01538461538462,7.769230769230769,3.6923076923076925,2.8844221105527637,0.3592964824120603,0.1507537688442211,47,1.0879396984924623,0.8793969849246231,23,2.7160804020100504,40,4.0570291777188325,0.6206896551724138,0.26525198938992045,34,1.6962864721485411,0.8673740053050398,22,2.976127320954907,129,0
387,23,2,1,1467.3217467824738,1597.5688845474554,-130.24713776498152,0.32087298889974886,4,0.0,73.5,45.0,6.0,3.25,68,1.2941176470588236,87.07352941176471,54.029411764705884,7.9411764705882355,4.5588235294117645,3.652173913043478,0.45652173913043476,0.2608695652173913,17,1.5869565217391304,1.1521739130434783,13,3.239130434782609,7,3.872491145218418,0.5690672963400236,0.31286894923258557,33,1.1050767414403777,0.8394332939787486,23,3.0365997638724913,151,0
388,16,1,3,1569.8245819446522,1710.4548841209926,-140.63030217634036,0.3079899995588292,67,1.1343283582089552,85.82089552238806,50.07462686567164,8.91044776119403,3.716417910447761,91,1.5824175824175823,88.73626373626374,55.0989010989011,8.131868131868131,4.912087912087912,3.8825857519788918,0.6728232189973615,0.27440633245382584,29,1.6451187335092348,0.91688654353562,22,3.137203166226913,122,3.8464285714285715,0.5651785714285714,0.35535714285714287,35,1.1589285714285715,0.7553571428571428,25,3.0205357142857143,208,0
389,6,20,6,1508.4278485056905,1482.6000977151975,25.827750790492928,0.5371008045496188,22,0.8181818181818182,81.04545454545455,44.72727272727273,9.272727272727273,4.2272727272727275,4,0.5,70.0,39.25,6.75,4.25,3.20817843866171,0.7026022304832714,0.2825278810408922,28,1.7174721189591078,0.9107806691449815,21,2.836431226765799,31,2.784313725490196,0.45098039215686275,0.2549019607843137,17,0.8431372549019608,0.5294117647058824,14,2.6862745098039214,4,1
390,2,3,7,1603.9863443254503,1542.8397723267142,61.146571998736135,0.5870995715949647,69,1.3043478260869565,86.89855072463769,53.84057971014493,7.971014492753623,4.608695652173913,63,1.0158730158730158,81.60317460317461,48.77777777777778,7.650793650793651,3.507936507936508,3.847851335656214,0.570267131242741,0.3159117305458769,33,1.0940766550522647,0.8373983739837398,23,3.0232288037166084,151,3.109848484848485,0.4722222222222222,0.22474747474747475,40,1.3080808080808082,0.8472222222222222,24,2.946969696969697,110,0
391,11,5,3,1646.3956229974071,1502.0464302244561,144.34919277295103,0.6965538094296422,76,1.3421052631578947,83.35526315789474,51.526315789473685,7.7368421052631575,4.578947368421052,61,0.8852459016393442,81.70491803278688,49.39344262295082,7.852459016393443,3.7868852459016393,3.7573131094257857,0.5796316359696642,0.3250270855904659,37,1.4062838569880824,0.6825568797399784,21,2.8439869989165762,146,3.5479833101529903,0.5605006954102921,0.24617524339360222,35,1.4283727399165507,0.7107093184979137,22,3.1404728789986094,111,1
392,12,10,4,1357.5492103430206,1628.8972427039132,-271.3480323608926,0.17335915433093677,18,0.0,56.111111111111114,31.5,3.2222222222222223,3.4444444444444446,66,1.4242424242424243,84.12121212121212,51.93939393939394,7.7727272727272725,3.712121212121212,1.8734177215189873,0.20675105485232068,0.21518987341772153,13,0.9578059071729957,0.7383966244725738,19,2.4345991561181433,7,4.03125,0.6119791666666666,0.2643229166666667,34,1.6848958333333333,0.859375,22,2.96484375,131,0
393,2,3,7,1592.244352893551,1554.5817637586135,37.662589134937434,0.553989512751798,70,1.2857142857142858,87.12857142857143,54.1,7.9714285714285715,4.6,64,1.03125,81.96875,49.046875,7.734375,3.46875,3.854857142857143,0.5645714285714286,0.31314285714285717,33,1.0971428571428572,0.84,23,3.0365714285714285,153,3.1093167701863353,0.47577639751552797,0.22236024844720498,40,1.3229813664596273,0.8509316770186336,24,2.959006211180124,111,0
394,10,3,10,1632.3644257905319,1565.6615540136495,66.70287177688238,0.5948308862361641,67,1.4328358208955223,83.98507462686567,51.83582089552239,7.746268656716418,3.8656716417910446,65,1.0461538461538462,82.16923076923077,49.292307692307695,7.876923076923077,3.4153846153846152,3.983375959079284,0.6048593350383632,0.2659846547314578,34,1.6675191815856778,0.8478260869565217,22,2.955242966751918,131,3.0976800976800978,0.47374847374847373,0.21855921855921856,40,1.3174603174603174,0.8461538461538461,24,2.9621489621489623,113,1
395,11,19,7,1652.4645468088142,1377.503053460038,274.96149334877623,0.8296014909324607,77,1.3506493506493507,83.24675324675324,51.467532467532465,7.714285714285714,4.571428571428571,33,0.36363636363636365,70.93939393939394,43.84848484848485,5.333333333333333,2.5757575757575757,3.759100642398287,0.5792291220556746,0.32548179871520344,37,1.4089935760171306,0.684154175588865,21,2.8404710920770877,147,2.8228155339805827,0.34951456310679613,0.14563106796116504,47,1.0800970873786409,0.8640776699029126,23,2.6893203883495147,40,1
396,11,2,3,1655.872516990165,1581.164562638515,74.70795435164996,0.6058864568095957,78,1.358974358974359,83.14102564102564,51.42307692307692,7.666666666666667,4.576923076923077,71,1.267605633802817,87.32394366197182,54.19718309859155,8.014084507042254,4.633802816901408,3.7436708860759493,0.5727848101265823,0.32383966244725737,37,1.4071729957805907,0.6856540084388185,21,2.829113924050633,149,3.8692220969560314,0.5693348365276212,0.3156708004509583,33,1.0958286358511837,0.8421645997745209,23,3.04847801578354,155,0
397,10,4,10,1640.4678080658086,1435.6030150572747,204.86479300853398,0.7648212973169171,68,1.4411764705882353,84.23529411764706,51.970588235294116,7.794117647058823,3.9558823529411766,53,0.6792452830188679,74.75471698113208,46.0188679245283,5.113207547169812,3.5849056603773586,3.993710691823899,0.6088050314465409,0.27044025157232704,34,1.669182389937107,0.8427672955974843,22,2.9547169811320755,133,3.2461300309597525,0.34829721362229105,0.2306501547987616,31,1.08359133126935,0.5681114551083591,24,2.806501547987616,84,1
398,1,10,6,1716.6146841121692,1645.1713821194703,71.44330199269893,0.601390133794978,92,1.5869565217391304,88.91304347826087,55.26086956521739,8.173913043478262,4.869565217391305,69,1.4492753623188406,84.42028985507247,51.98550724637681,7.782608695652174,4.0144927536231885,3.857899382171227,0.5675198587819947,0.35216240070609,35,1.1518093556928508,0.7528684907325685,25,3.0247131509267433,210,4.0,0.6084262701363073,0.27261462205700127,34,1.6666666666666667,0.8413878562577447,22,2.9578686493184634,135,1
399,15,5,10,1327.7363538704512,1495.977506413049,-168.24115254259777,0.27518478586915407,36,0.2222222222222222,69.91666666666667,40.80555555555556,5.194444444444445,4.0,62,0.8709677419354839,81.24193548387096,49.08064516129032,7.774193548387097,3.774193548387097,2.285097192224622,0.3045356371490281,0.23326133909287258,22,1.2526997840172787,0.7494600431965442,22,2.777537796976242,41,3.5253077975376197,0.5540355677154583,0.2448700410396717,35,1.4254445964432285,0.7058823529411765,22,3.1299589603283176,112,0
400,1,3,3,1724.5868814362698,1557.5581717383727,167.02870969789706,0.7234209376523935,93,1.5913978494623655,88.76344086021506,55.1505376344086,8.129032258064516,4.913978494623656,66,1.0303030303030303,81.96969696969697,49.24242424242424,7.803030303030303,3.409090909090909,3.8550218340611355,0.5650655021834061,0.3563318777292576,35,1.1475982532751092,0.7528384279475983,25,3.018340611353712,212,3.09483793517407,0.468187274909964,0.2184873949579832,40,1.3157262905162064,0.8547418967587035,24,2.960384153661465,114,1
401,19,2,2,1374.0950832786873,1593.282291774707,-219.1872084960196,0.2206739908986032,34,0.35294117647058826,70.5,43.470588235294116,5.323529411764706,2.5588235294117645,72,1.2777777777777777,87.15277777777777,54.125,8.041666666666666,4.597222222222222,2.8042452830188678,0.3466981132075472,0.14386792452830188,47,1.0825471698113207,0.8702830188679245,23,2.669811320754717,41,3.849056603773585,0.5704772475027747,0.3118756936736959,33,1.0876803551609322,0.8412874583795783,23,3.0377358490566038,157,1
402,11,16,4,1643.754787853973,1563.6647819534755,80.09000590049754,0.613259710001038,79,1.3417721518987342,82.82278481012658,51.177215189873415,7.6075949367088604,4.556962025316456,68,1.1176470588235294,85.94117647058823,50.11764705882353,8.852941176470589,3.6911764705882355,3.722916666666667,0.5677083333333334,0.321875,37,1.3989583333333333,0.6822916666666666,21,2.821875,149,3.8691709844559585,0.667098445595855,0.27202072538860106,29,1.6411917098445596,0.9119170984455959,22,3.1360103626943006,123,0
403,5,15,2,1501.4812021304322,1322.232658153068,179.24854397736408,0.7372719906740579,63,0.8888888888888888,81.14285714285714,48.96825396825397,7.777777777777778,3.857142857142857,37,0.21621621621621623,69.56756756756756,40.5945945945946,5.216216216216216,3.945945945945946,3.5141318977119784,0.5545087483176312,0.253028263795424,35,1.4226110363391655,0.6998654104979811,22,3.11978465679677,113,2.2911392405063293,0.3080168776371308,0.2320675105485232,22,1.251054852320675,0.7573839662447257,22,2.770042194092827,41,1
404,16,11,4,1575.9299761534962,1631.4895936539524,-55.55961750045617,0.4207179421299228,69,1.1304347826086956,86.1304347826087,50.36231884057971,8.768115942028986,3.6956521739130435,80,1.325,82.9375,51.2625,7.575,4.5375,3.900383141762452,0.6615581098339719,0.2720306513409962,29,1.6398467432950192,0.9054916985951469,22,3.135376756066411,127,3.73559670781893,0.5648148148148148,0.32098765432098764,37,1.3930041152263375,0.6831275720164609,21,2.8230452674897117,151,1
405,5,2,3,1506.735762316951,1577.695771592679,-70.960009275728,0.39927696864737977,64,0.90625,81.640625,49.3125,7.90625,3.859375,73,1.2602739726027397,86.8082191780822,53.87671232876713,8.013698630136986,4.575342465753424,3.5396825396825395,0.5608465608465608,0.25,35,1.4259259259259258,0.7129629629629629,22,3.138888888888889,116,3.828039430449069,0.5695509309967142,0.3088718510405257,33,1.0865279299014239,0.8378970427163198,23,3.032858707557503,158,0
406,11,3,4,1619.9039524965508,1552.0265904914206,67.87736200513018,0.5964592631578679,81,1.308641975308642,82.74074074074075,51.135802469135804,7.592592592592593,4.530864197530864,67,1.0149253731343284,82.08955223880596,49.208955223880594,7.865671641791045,3.4477611940298507,3.7296747967479673,0.5660569105691057,0.3201219512195122,37,1.3871951219512195,0.681910569105691,21,2.817073170731707,153,3.097041420118343,0.47337278106508873,0.22011834319526627,40,1.3207100591715977,0.8568047337278106,24,2.966863905325444,116,1
407,11,15,2,1627.9747672333935,1316.9780979665493,310.99666926684426,0.8569567889891317,82,1.3170731707317074,82.8780487804878,51.28048780487805,7.597560975609756,4.487804878048781,38,0.21052631578947367,70.28947368421052,41.1578947368421,5.2105263157894735,4.0,3.7284569138276553,0.564128256513026,0.3166332665330661,37,1.3827655310621243,0.6813627254509018,21,2.817635270541082,155,2.3388090349075976,0.31006160164271046,0.23408624229979466,22,1.2607802874743326,0.7987679671457906,22,2.7946611909650922,43,1
408,3,11,1,1543.9557757545779,1630.8356314536109,-86.87985569903299,0.37751231565844756,68,1.0,82.23529411764706,49.4264705882353,7.867647058823529,3.4558823529411766,83,1.3253012048192772,83.25301204819277,51.48192771084337,7.686746987951807,4.493975903614458,3.1238317757009346,0.47546728971962615,0.2219626168224299,40,1.324766355140187,0.8738317757009346,24,2.9731308411214954,120,3.742574257425743,0.5683168316831683,0.3178217821782178,37,1.3772277227722771,0.6801980198019802,21,2.8277227722772276,157,1
409,9,15,3,1415.8072735743426,1314.117233746332,101.69003982801064,0.6423032363851819,44,0.6363636363636364,70.06818181818181,40.25,6.2727272727272725,4.25,39,0.20512820512820512,71.05128205128206,41.82051282051282,5.256410256410256,3.9743589743589745,2.6745886654478976,0.43144424131627057,0.27056672760511885,25,1.2449725776965266,0.46617915904936014,22,2.837294332723949,60,2.3692614770459084,0.3153692614770459,0.2315369261477046,22,1.2794411177644711,0.8063872255489022,22,2.8223552894211577,45,1
410,15,10,4,1306.9632984740356,1637.1991847953698,-330.2358863213342,0.12999640217923872,40,0.2,71.325,41.95,5.325,4.0,70,1.4285714285714286,84.1,51.75714285714286,7.742857142857143,4.014285714285714,2.3463035019455254,0.321011673151751,0.22957198443579765,22,1.2801556420233462,0.7996108949416343,22,2.830739299610895,47,3.958587088915956,0.6004872107186358,0.27161997563946405,34,1.6552984165651645,0.8343483556638246,22,2.943970767356882,135,0
411,15,11,3,1304.363370430451,1618.38587776678,-314.022507336329,0.14092131171671504,41,0.1951219512195122,71.02439024390245,41.80487804878049,5.317073170731708,3.951219512195122,84,1.3095238095238095,83.04761904761905,51.285714285714285,7.714285714285714,4.476190476190476,2.3377609108159394,0.3206831119544592,0.22580645161290322,22,1.2827324478178368,0.8007590132827325,22,2.825426944971537,47,3.7316356513222333,0.5690499510284035,0.31733594515181196,37,1.3790401567091086,0.6767874632713027,21,2.822722820763957,158,0
412,1,10,2,1730.1184626832219,1639.7991128389544,90.31934984426744,0.6271290527596979,94,1.5957446808510638,88.82978723404256,55.180851063829785,8.117021276595745,4.925531914893617,71,1.4366197183098592,84.02816901408451,51.690140845070424,7.732394366197183,4.070422535211268,3.8575129533678756,0.5647668393782384,0.35751295336787564,35,1.1511226252158895,0.7521588946459413,25,3.0207253886010363,214,3.9519807923169266,0.5990396158463386,0.2725090036014406,34,1.6566626650660263,0.82953181272509,22,2.936374549819928,137,0
413,11,8,10,1621.2043040011142,1443.1929000050027,178.01140399611154,0.7358902031125831,85,1.3176470588235294,82.95294117647059,51.22352941176471,7.670588235294118,4.482352941176471,34,0.5882352941176471,80.08823529411765,48.529411764705884,7.147058823529412,3.1176470588235294,3.7427184466019416,0.5679611650485437,0.3194174757281553,37,1.3854368932038834,0.6747572815533981,21,2.8213592233009708,159,3.30272952853598,0.49627791563275436,0.2109181141439206,35,1.1811414392059554,0.7890818858560794,22,3.0397022332506203,60,1
414,10,2,8,1652.3416938941484,1585.6813109656266,66.66038292852181,0.5947719380331196,72,1.4444444444444444,84.31944444444444,51.888888888888886,7.680555555555555,4.055555555555555,74,1.2702702702702702,86.64864864864865,53.75675675675676,8.0,4.5675675675675675,3.9739336492890995,0.5936018957345972,0.2725118483412322,34,1.6635071090047393,0.8293838862559242,22,2.949052132701422,140,3.8174946004319654,0.5669546436285097,0.3077753779697624,33,1.091792656587473,0.8390928725701944,23,3.0280777537796975,160,1
415,15,19,2,1301.5449441961166,1389.6816034607152,-88.13665926459862,0.37581368714596197,42,0.19047619047619047,70.66666666666667,41.73809523809524,5.261904761904762,3.857142857142857,35,0.4,70.65714285714286,43.48571428571429,5.4,2.5142857142857142,2.3333333333333335,0.31851851851851853,0.22037037037037038,22,1.287037037037037,0.7907407407407407,22,2.814814814814815,47,2.8541666666666665,0.3587962962962963,0.14351851851851852,47,1.099537037037037,0.8680555555555556,23,2.6712962962962963,42,0
416,5,9,3,1498.7502229440033,1422.961208846639,75.78901409736432,0.607371470704732,65,0.8923076923076924,81.3076923076923,49.09230769230769,7.876923076923077,3.8615384615384616,45,0.6666666666666666,70.6,40.51111111111111,6.355555555555555,4.266666666666667,3.5104166666666665,0.55859375,0.25,35,1.4205729166666667,0.7083333333333334,22,3.125,117,2.695340501792115,0.4390681003584229,0.2724014336917563,25,1.2580645161290323,0.46774193548387094,22,2.847670250896057,63,1
417,10,1,1,1660.446255133486,1717.575881628028,-57.12962649454198,0.4185169174000508,73,1.452054794520548,84.1917808219178,51.6986301369863,7.712328767123288,4.068493150684931,95,1.5789473684210527,88.98947368421052,55.28421052631579,8.073684210526316,4.926315789473684,3.969555035128806,0.5983606557377049,0.275175644028103,34,1.665105386416862,0.8290398126463701,22,2.946135831381733,141,3.8726495726495727,0.5623931623931624,0.3581196581196581,35,1.158974358974359,0.7521367521367521,25,3.034188034188034,217,0
418,10,5,4,1652.0759167854849,1506.6027935299087,145.47312325557618,0.6979195809888593,74,1.4324324324324325,83.83783783783784,51.41891891891892,7.6891891891891895,4.0675675675675675,66,0.9090909090909091,81.54545454545455,49.07575757575758,8.0,3.893939393939394,3.9503464203233256,0.5969976905311778,0.2759815242494226,34,1.6593533487297922,0.8290993071593533,22,2.9376443418013856,142,3.5186136071887035,0.5673940949935815,0.25417201540436457,35,1.4236200256739409,0.7073170731707317,22,3.1283697047496792,119,1
419,16,1,3,1587.5156173108978,1725.946219976029,-138.43060266513112,0.31069532440402364,70,1.1428571428571428,85.97142857142858,50.32857142857143,8.728571428571428,3.7142857142857144,96,1.5833333333333333,88.84375,55.208333333333336,8.072916666666666,4.916666666666667,3.91046658259773,0.6607818411097099,0.27490542244640603,29,1.635561160151324,0.8965952080706179,22,3.1261034047919294,129,3.880508474576271,0.5644067796610169,0.35847457627118645,35,1.1576271186440679,0.75,25,3.0296610169491527,219,0
420,16,19,7,1581.3017108228173,1397.1978772036346,184.10383361918275,0.7426498113176212,71,1.1267605633802817,85.45070422535211,49.971830985915496,8.647887323943662,3.6901408450704225,36,0.4444444444444444,71.5,44.111111111111114,5.388888888888889,2.5833333333333335,3.8734491315136474,0.6538461538461539,0.2729528535980149,29,1.6240694789081886,0.8858560794044665,22,3.1129032258064515,129,2.952272727272727,0.36363636363636365,0.15227272727272728,47,1.1136363636363635,0.875,23,2.690909090909091,44,1
421,5,16,3,1500.5611851496858,1586.448714596465,-85.88752944677913,0.37885562136596035,67,0.8955223880597015,81.14925373134328,48.83582089552239,8.0,3.8507462686567164,72,1.1388888888888888,85.30555555555556,49.875,8.597222222222221,3.7083333333333335,3.4968394437420987,0.5676359039190898,0.2515802781289507,35,1.4184576485461442,0.7029077117572693,22,3.1213653603034133,120,3.863080684596577,0.6479217603911981,0.27383863080684595,29,1.628361858190709,0.8765281173594132,22,3.0941320293398533,130,1
422,9,5,10,1415.1086382607336,1512.9840727223666,-97.87543446163295,0.3627573650033296,46,0.6521739130434783,70.95652173913044,40.78260869565217,6.260869565217392,4.369565217391305,68,0.9117647058823529,81.54411764705883,49.05882352941177,8.117647058823529,3.823529411764706,2.6975524475524475,0.4318181818181818,0.2744755244755245,25,1.2657342657342658,0.4807692307692308,22,2.854895104895105,66,3.5243445692883895,0.5805243445692884,0.24968789013732834,35,1.431960049937578,0.7103620474406991,22,3.1373283395755305,122,0
423,10,4,8,1658.1175251657078,1430.899441003613,227.21808416209478,0.7871736728691627,75,1.44,83.72,51.413333333333334,7.68,4.12,54,0.6666666666666666,74.81481481481481,46.03703703703704,5.092592592592593,3.6481481481481484,3.9657142857142857,0.5988571428571429,0.28114285714285714,34,1.6548571428571428,0.8274285714285714,22,2.934857142857143,145,3.2534142640364188,0.34749620637329287,0.2321699544764795,31,1.0849772382397571,0.5766312594840668,24,2.8088012139605465,86,1
424,14,2,7,1432.102476448815,1577.576749726289,-145.47427327747414,0.30207902332040254,8,0.0,44.625,24.25,3.625,1.125,75,1.2533333333333334,86.2,53.44,7.946666666666666,4.56,1.5196078431372548,0.24509803921568626,0.0392156862745098,11,0.7156862745098039,0.6666666666666666,16,2.2941176470588234,3,3.7893617021276595,0.5617021276595745,0.30531914893617024,33,1.0904255319148937,0.8319148936170213,23,3.019148936170213,161,0
425,9,11,10,1407.8534909606672,1626.4864999388626,-218.63300897819545,0.22122312570325675,47,0.6382978723404256,70.55319148936171,40.46808510638298,6.127659574468085,4.382978723404255,86,1.3255813953488371,82.87209302325581,51.151162790697676,7.686046511627907,4.511627906976744,2.6797945205479454,0.4229452054794521,0.273972602739726,25,1.2534246575342465,0.4811643835616438,22,2.844178082191781,68,3.7406340057636887,0.5706051873198847,0.3218059558117195,37,1.3861671469740633,0.6714697406340058,21,2.8174831892411145,161,0
426,2,19,3,1583.6183301926972,1392.050873429987,191.5674567627102,0.75077519126161,76,1.263157894736842,86.05263157894737,53.28947368421053,7.894736842105263,4.605263157894737,37,0.43243243243243246,70.97297297297297,43.78378378378378,5.405405405405405,2.5675675675675675,3.7631027253668763,0.5555555555555556,0.3050314465408805,33,1.0859538784067087,0.8291404612159329,23,3.011530398322851,162,2.9140969162995596,0.36123348017621143,0.14757709251101322,47,1.10352422907489,0.8612334801762115,23,2.671806167400881,45,1
427,8,1,8,1437.9107040672543,1732.1601264641095,-294.24942239685515,0.15527205643482161,35,0.5714285714285714,79.48571428571428,48.17142857142857,6.9714285714285715,3.085714285714286,97,1.5876288659793814,88.70103092783505,55.123711340206185,8.092783505154639,4.907216494845361,3.3002421307506054,0.48426150121065376,0.2106537530266344,35,1.179176755447942,0.784503631961259,22,3.029055690072639,61,3.8832913518052057,0.5675902602854744,0.35852225020990763,35,1.1553316540722083,0.7489504617968094,25,3.024349286314022,221,1
428,5,16,3,1520.239220022433,1574.0258270237841,-53.78660700135106,0.42320734911948954,69,0.927536231884058,81.44927536231884,49.04347826086956,8.043478260869565,3.8840579710144927,73,1.1232876712328768,85.58904109589041,50.0,8.575342465753424,3.6986301369863015,3.5227552275522753,0.5756457564575646,0.25584255842558423,35,1.4317343173431734,0.7121771217712177,22,3.125461254612546,123,3.874698795180723,0.6457831325301204,0.27228915662650605,29,1.6337349397590362,0.9012048192771084,22,3.108433734939759,133,0
429,16,2,7,1582.489974006174,1588.602826367465,-6.112852361291061,0.4912038059177298,74,1.135135135135135,85.70270270270271,49.986486486486484,8.54054054054054,3.675675675675676,77,1.2727272727272727,85.9090909090909,53.22077922077922,7.896103896103896,4.623376623376624,3.8588374851720046,0.638196915776987,0.269276393831554,29,1.6251482799525505,0.8979833926453143,22,3.1079478054567025,135,3.7479338842975207,0.5537190082644629,0.3068181818181818,33,1.0867768595041323,0.8223140495867769,23,3.0082644628099175,164,1
430,1,2,7,1715.2655675928058,1578.4269024858197,136.83866510698613,0.687338697470862,98,1.5714285714285714,88.86734693877551,55.16326530612245,8.10204081632653,4.918367346938775,78,1.2564102564102564,85.93589743589743,53.30769230769231,7.897435897435898,4.602564102564102,3.8870431893687707,0.5664451827242525,0.3588039867109635,35,1.1611295681063123,0.7549833887043189,25,3.0348837209302326,224,3.759183673469388,0.5551020408163265,0.30612244897959184,33,1.0857142857142856,0.8142857142857143,23,3.010204081632653,167,0
431,12,1,4,1354.082027256402,1701.5187936433886,-347.4367663869866,0.1192022083193772,19,0.0,54.94736842105263,30.894736842105264,3.1052631578947367,3.3684210526315788,99,1.5555555555555556,88.98989898989899,55.17171717171717,8.171717171717171,4.929292929292929,1.8047808764940239,0.199203187250996,0.20717131474103587,13,0.9282868525896414,0.7211155378486056,19,2.406374501992032,7,3.879934210526316,0.5731907894736842,0.359375,35,1.1595394736842106,0.756578947368421,25,3.044407894736842,226,0
432,10,1,4,1662.3740517083245,1703.9028378097762,-41.528786101451715,0.4405182807045595,76,1.4473684210526316,83.64473684210526,51.23684210526316,7.684210526315789,4.105263157894737,100,1.56,88.85,55.06,8.2,4.92,3.9526493799323563,0.5997745208568207,0.2807215332581736,34,1.6550169109357384,0.830890642615558,22,2.9289740698985343,146,3.8560975609756096,0.5707317073170731,0.35853658536585364,35,1.1544715447154472,0.7528455284552845,25,3.035772357723577,227,0
433,6,23,1,1517.685832414698,1460.9042870044789,56.78154541021922,0.5809953778450967,23,0.8695652173913043,80.78260869565217,44.78260869565217,9.26086956521739,4.304347826086956,5,0.0,67.6,39.8,5.6,3.2,3.225,0.7035714285714286,0.2892857142857143,28,1.6928571428571428,0.9071428571428571,21,2.8142857142857145,32,3.033333333333333,0.4166666666666667,0.25,17,1.2833333333333334,1.0,14,3.05,7,1
434,15,4,8,1294.0286704531973,1426.6429144609963,-132.61424400779902,0.31791094037694095,43,0.18604651162790697,70.97674418604652,42.13953488372093,5.232558139534884,3.7906976744186047,55,0.6545454545454545,74.63636363636364,45.85454545454545,5.109090909090909,3.6545454545454548,2.3568840579710146,0.3170289855072464,0.21739130434782608,22,1.2880434782608696,0.7934782608695652,22,2.8170289855072466,49,3.2522388059701495,0.34776119402985073,0.23432835820895523,31,1.0835820895522388,0.5761194029850746,24,2.808955223880597,87,0
435,16,10,8,1592.6658978878193,1653.5636860942334,-60.897788206414134,0.4132476358105247,75,1.1466666666666667,85.88,50.13333333333333,8.546666666666667,3.68,77,1.4285714285714286,83.37662337662337,51.02597402597402,7.701298701298701,4.077922077922078,3.8896713615023475,0.642018779342723,0.2711267605633803,30,1.630281690140845,0.8931924882629108,22,3.115023474178404,137,3.9365962180200222,0.5984427141268076,0.27919911012235815,34,1.6518353726362625,0.8253615127919911,22,2.921023359288098,147,0
436,11,1,3,1630.9109624529278,1712.7132034238673,-81.80224097093947,0.38440524702525286,87,1.3333333333333333,83.17241379310344,51.28735632183908,7.712643678160919,4.574712643678161,101,1.5643564356435644,88.7128712871287,54.960396039603964,8.178217821782178,4.910891089108911,3.741690408357075,0.5726495726495726,0.3247863247863248,37,1.3874643874643875,0.6733143399810066,21,2.830959164292498,163,3.854149879129734,0.5705076551168412,0.3585817888799355,35,1.152296535052377,0.750201450443191,25,3.0306204673650283,229,0
437,19,15,3,1387.066377255219,1287.6704516456584,99.39592560956066,0.6392634963107915,38,0.42105263157894735,70.3157894736842,43.26315789473684,5.315789473684211,2.5789473684210527,44,0.18181818181818182,70.72727272727273,41.95454545454545,5.204545454545454,3.8863636363636362,2.860813704496788,0.3533190578158458,0.14989293361884368,47,1.0792291220556745,0.854389721627409,23,2.6595289079229123,45,2.3480565371024733,0.3127208480565371,0.22438162544169613,22,1.265017667844523,0.7897526501766784,22,2.8056537102473498,50,0
438,1,2,3,1720.4013083643724,1592.173676435237,128.22763192913544,0.6765884630660416,102,1.5686274509803921,88.94117647058823,55.068627450980394,8.215686274509803,4.901960784313726,79,1.2658227848101267,86.16455696202532,53.46835443037975,8.0,4.620253164556962,3.850996015936255,0.5729083665338646,0.35776892430278884,35,1.149003984063745,0.7553784860557768,25,3.037450199203187,231,3.776209677419355,0.563508064516129,0.3084677419354839,33,1.0846774193548387,0.8155241935483871,23,3.026209677419355,170,0
439,5,3,6,1511.7750730400433,1556.4055294414088,-44.630456401365564,0.4361225745451914,70,0.9142857142857143,81.48571428571428,49.042857142857144,8.071428571428571,3.914285714285714,69,1.0144927536231885,82.15942028985508,49.53623188405797,7.826086956521739,3.463768115942029,3.5389294403892944,0.5815085158150851,0.2591240875912409,35,1.4355231143552312,0.7092457420924574,22,3.1350364963503647,125,3.151270207852194,0.4745958429561201,0.22170900692840648,40,1.3267898383371826,0.8672055427251733,24,2.966512702078522,123,0
440,19,14,7,1374.2811073290034,1426.060895982407,-51.77978865340356,0.42602974083436485,39,0.41025641025641024,70.07692307692308,42.94871794871795,5.3076923076923075,2.6666666666666665,9,0.0,44.55555555555556,23.22222222222222,3.3333333333333335,1.1111111111111112,2.8413361169102296,0.35073068893528186,0.15866388308977036,47,1.0793319415448852,0.8475991649269311,23,2.6576200417536535,46,1.4260869565217391,0.22608695652173913,0.043478260869565216,11,0.7043478260869566,0.591304347826087,16,2.2869565217391306,3,1
441,1,16,7,1706.8695391030517,1584.4009451716088,122.46859393144291,0.6692922811955225,103,1.5533980582524272,88.9126213592233,55.04854368932039,8.16504854368932,4.912621359223301,76,1.131578947368421,85.80263157894737,50.171052631578945,8.5,3.6842105263157894,3.843059936908517,0.5686119873817035,0.35725552050473186,35,1.1490536277602523,0.7578864353312302,25,3.0410094637223977,234,3.8554913294797686,0.6358381502890174,0.2682080924855491,30,1.6346820809248555,0.9017341040462428,22,3.1121387283236994,138,1
442,6,3,1,1526.065924857796,1565.1279809323125,-39.06205607451648,0.44402085066928393,24,0.9166666666666666,81.375,45.333333333333336,9.375,4.416666666666667,70,1.0285714285714285,82.47142857142858,49.72857142857143,7.814285714285714,3.5,3.242320819112628,0.7030716723549488,0.3003412969283277,28,1.726962457337884,0.9112627986348123,21,2.8122866894197953,33,3.1697038724373576,0.47494305239179957,0.2255125284738041,40,1.3246013667425969,0.8735763097949886,24,2.978359908883827,126,0
443,19,16,10,1385.7605125123162,1577.7867907955192,-192.02627828320306,0.24873093850384334,40,0.45,70.675,43.175,5.35,2.725,77,1.1168831168831168,85.76623376623377,50.18181818181818,8.467532467532468,3.7012987012987013,2.8093306288032456,0.3448275862068966,0.16024340770791076,47,1.0892494929006085,0.8397565922920892,23,2.6470588235294117,47,3.8697142857142857,0.6354285714285715,0.26971428571428574,30,1.6342857142857143,0.8994285714285715,22,3.115428571428571,140,1
444,15,11,3,1300.4557215718742,1623.2228575124227,-322.76713594054854,0.13493669002501996,45,0.2222222222222222,70.84444444444445,41.84444444444444,5.288888888888889,3.9555555555555557,88,1.3181818181818181,83.38636363636364,51.45454545454545,7.704545454545454,4.556818181818182,2.365684575389948,0.3223570190641248,0.2322357019064125,22,1.2616984402079723,0.7850953206239168,22,2.804159445407279,52,3.7676387582314206,0.5738476011288806,0.32455315145813735,37,1.3979303857008467,0.6726246472248354,21,2.843838193791157,166,1
445,2,10,1,1605.7054456965577,1661.8286388104439,-56.123193113886146,0.4199274875309666,80,1.275,86.2875,53.5375,8.0625,4.625,78,1.435897435897436,83.55128205128206,51.05128205128205,7.769230769230769,4.076923076923077,3.7781094527363184,0.5671641791044776,0.309452736318408,33,1.090547263681592,0.8139303482587065,23,3.0318407960199005,172,3.9461538461538463,0.6054945054945055,0.2802197802197802,34,1.6626373626373627,0.8307692307692308,22,2.925274725274725,150,1
446,8,9,3,1454.805262938558,1403.429028446602,51.376234491955984,0.5734021114385347,36,0.6111111111111112,80.36111111111111,48.77777777777778,6.888888888888889,3.111111111111111,48,0.625,71.16666666666667,40.895833333333336,6.291666666666667,4.395833333333333,3.3380281690140845,0.47183098591549294,0.2112676056338028,35,1.192488262910798,0.7793427230046949,22,3.063380281690141,64,2.7169179229480735,0.4288107202680067,0.27638190954773867,34,1.252931323283082,0.48576214405360135,22,2.864321608040201,70,1
447,15,5,3,1317.7569877713738,1503.0526215491395,-185.29563377776572,0.2560411766830794,46,0.2608695652173913,71.34782608695652,42.391304347826086,5.326086956521739,3.9130434782608696,71,0.9014084507042254,81.66197183098592,49.2112676056338,8.070422535211268,3.915492957746479,2.4261460101867574,0.32767402376910015,0.23089983022071306,22,1.2835314091680814,0.7843803056027164,22,2.8115449915110355,55,3.5299043062200957,0.5765550239234449,0.25598086124401914,35,1.4354066985645932,0.7105263157894737,22,3.1423444976076556,128,0
448,10,7,5,1650.2271885610633,1525.078301965813,125.14888659525036,0.6726983747063396,79,1.4177215189873418,83.54430379746836,51.075949367088604,7.772151898734177,4.050632911392405,2,2.0,88.5,63.0,3.5,4.0,3.950108459869848,0.6062906724511931,0.2787418655097614,34,1.6702819956616053,0.834056399132321,22,2.9273318872017353,152,3.888888888888889,0.25925925925925924,0.2222222222222222,21,1.1111111111111112,0.3333333333333333,15,2.5555555555555554,5,1
449,1,3,10,1713.4836934791413,1574.008397945698,139.47529553344316,0.6905911312798119,104,1.5576923076923077,89.00961538461539,55.13461538461539,8.201923076923077,4.923076923076923,71,1.0422535211267605,82.36619718309859,49.7887323943662,7.774647887323944,3.4788732394366195,3.84453125,0.56796875,0.35546875,35,1.1578125,0.76015625,25,3.04375,236,3.2020316027088036,0.4762979683972912,0.22573363431151242,40,1.3408577878103838,0.8803611738148984,24,2.976297968397291,128,1
450,8,5,2,1463.3372207097873,1508.1734450828012,-44.83622437301392,0.4358313058301189,37,0.6486486486486487,80.72972972972973,48.86486486486486,6.972972972972973,3.108108108108108,72,0.9166666666666666,81.91666666666667,49.40277777777778,8.083333333333334,3.875,3.3204545454545453,0.475,0.21136363636363636,35,1.175,0.775,22,3.0568181818181817,66,3.528857479387515,0.5724381625441696,0.25323910482921086,35,1.4322732626619552,0.71849234393404,22,3.1495877502944643,131,0
451,3,16,3,1567.8202205712944,1562.761409565596,5.058811005698317,0.5072796998166477,72,1.0277777777777777,82.44444444444444,49.81944444444444,7.763888888888889,3.4444444444444446,78,1.1025641025641026,85.51282051282051,50.01282051282051,8.474358974358974,3.6666666666666665,3.2093541202672604,0.47438752783964366,0.22383073496659242,40,1.354120267260579,0.876391982182628,24,2.9743875278396437,130,3.85456595264938,0.6347237880496054,0.26719278466741825,30,1.636978579481398,0.9052987598647125,22,3.104847801578354,142,0
452,2,10,10,1617.3068959459383,1656.7732210669365,-39.466325120998135,0.44344642837418763,81,1.2839506172839505,86.41975308641975,53.629629629629626,8.135802469135802,4.604938271604938,80,1.425,83.4375,50.9875,7.8125,4.0375,3.7897838899803538,0.5736738703339882,0.30844793713163066,33,1.0933202357563852,0.8153241650294696,23,3.0304518664047153,176,3.953862660944206,0.6105150214592274,0.2778969957081545,34,1.6738197424892705,0.8315450643776824,22,2.9238197424892705,154,1
453,15,2,10,1312.6361642377121,1628.4379673784545,-315.8018031407423,0.13968588965179646,47,0.2553191489361702,72.0,42.723404255319146,5.361702127659575,3.893617021276596,82,1.2926829268292683,86.58536585365853,53.90243902439025,8.134146341463415,4.609756097560975,2.470881863560732,0.33277870216306155,0.23128119800332778,22,1.29783693843594,0.7953410981697171,22,2.826955074875208,59,3.834307992202729,0.5769980506822612,0.310916179337232,33,1.1072124756335282,0.8187134502923976,23,3.037037037037037,179,0
454,3,11,8,1557.6746265749614,1605.921591312923,-48.24696473796166,0.431009929645224,73,1.0136986301369864,82.20547945205479,49.49315068493151,7.7534246575342465,3.452054794520548,89,1.303370786516854,83.38202247191012,51.449438202247194,7.719101123595506,4.52808988764045,3.1934065934065936,0.4725274725274725,0.22417582417582418,40,1.3461538461538463,0.8714285714285714,24,2.9681318681318682,130,3.7756052141527,0.5763500931098696,0.3230912476722533,37,1.4059590316573556,0.6713221601489758,21,2.846368715083799,169,1
455,1,15,7,1719.671870853545,1309.8424464446762,409.8294244088688,0.9136601804432366,105,1.561904761904762,89.0952380952381,55.20952380952381,8.228571428571428,4.9523809523809526,48,0.25,71.625,42.5,5.354166666666667,3.875,3.847758887171561,0.5687789799072643,0.35780525502318394,35,1.1584234930448223,0.7542503863987635,25,3.043276661514683,239,2.4705882352941178,0.3349673202614379,0.23202614379084968,22,1.292483660130719,0.7973856209150327,22,2.820261437908497,59,1
456,4,6,6,1433.001133268535,1517.1855078444105,-84.18437457587538,0.38116549794783505,56,0.6785714285714286,74.67857142857143,45.714285714285715,5.160714285714286,3.75,25,0.88,80.08,44.4,9.24,4.36,3.2434017595307916,0.3519061583577713,0.2404692082111437,31,1.0791788856304985,0.5733137829912024,24,2.802052785923754,88,3.1530944625407167,0.6742671009771987,0.2931596091205212,28,1.6938110749185669,0.8957654723127035,21,2.785016286644951,33,0
457,3,9,7,1569.054427982057,1394.8970706753726,174.1573573066844,0.7315557821060843,74,1.027027027027027,82.45945945945945,49.54054054054054,7.743243243243243,3.5135135135135136,49,0.6122448979591837,71.44897959183673,41.06122448979592,6.26530612244898,4.469387755102041,3.215217391304348,0.475,0.23043478260869565,40,1.3478260869565217,0.8793478260869565,24,2.9717391304347824,134,2.7278688524590162,0.4262295081967213,0.2819672131147541,34,1.2491803278688525,0.4918032786885246,22,2.8688524590163933,72,1
458,19,9,10,1400.7858937422393,1389.5281863174941,11.25770742474515,0.5161954757867948,41,0.4878048780487805,70.8048780487805,43.146341463414636,5.365853658536586,2.731707317073171,50,0.6,71.7,41.26,6.28,4.5,2.8201581027667983,0.34782608695652173,0.16205533596837945,47,1.0731225296442688,0.8359683794466403,23,2.6403162055335967,49,2.758454106280193,0.428341384863124,0.286634460547504,34,1.2560386473429952,0.4927536231884058,22,2.8824476650563606,75,1
459,15,9,7,1308.115650053541,1379.8520958332301,-71.73644577968912,0.39820541481452104,49,0.24489795918367346,71.26530612244898,42.285714285714285,5.285714285714286,3.816326530612245,51,0.5882352941176471,71.90196078431373,41.35294117647059,6.254901960784314,4.490196078431373,2.46474358974359,0.3317307692307692,0.22916666666666666,22,1.294871794871795,0.8044871794871795,22,2.8173076923076925,60,2.7590551181102363,0.4251968503937008,0.2866141732283465,34,1.258267716535433,0.494488188976378,22,2.8881889763779527,77,0
460,4,10,2,1425.3778233095784,1645.6421496344203,-220.26432632484193,0.21960951379142377,57,0.6666666666666666,74.50877192982456,45.43859649122807,5.2105263157894735,3.7719298245614037,81,1.4074074074074074,83.54320987654322,51.08641975308642,7.864197530864198,4.049382716049383,3.218705035971223,0.35683453237410073,0.24028776978417266,31,1.074820143884892,0.5712230215827339,24,2.7971223021582734,88,3.9586864406779663,0.614406779661017,0.2786016949152542,34,1.6758474576271187,0.8305084745762712,22,2.9258474576271185,156,0
461,3,15,4,1574.4233123399354,1300.1515417572505,274.2717705826849,0.8290394943066864,75,1.04,82.66666666666667,49.68,7.76,3.506666666666667,50,0.24,70.92,42.14,5.22,3.78,3.1993569131832795,0.47266881028938906,0.22936763129689175,40,1.3644158628081458,0.879957127545552,24,2.97534833869239,135,2.4411302982731553,0.32653061224489793,0.2260596546310832,22,1.2904238618524333,0.8069073783359497,22,2.80690737833595,60,1
462,6,16,1,1524.8088178033672,1572.907003561929,-48.09818575856184,0.4312199758652807,26,0.9230769230769231,79.88461538461539,44.26923076923077,9.153846153846153,4.5,79,1.1139240506329113,85.39240506329114,49.949367088607595,8.430379746835444,3.670886075949367,3.140625,0.665625,0.30625,28,1.6875,0.8875,21,2.7625,34,3.8466666666666667,0.63,0.2677777777777778,30,1.6344444444444444,0.9055555555555556,22,3.0966666666666667,144,1
463,10,3,2,1650.0343399102487,1577.8425224538016,72.1918174564471,0.602422587190263,82,1.4146341463414633,83.4390243902439,51.01219512195122,7.878048780487805,4.036585365853658,76,1.0526315789473684,82.5657894736842,49.5921052631579,7.802631578947368,3.5,3.968520461699895,0.6180482686253935,0.2780692549842602,34,1.6694648478488983,0.832109129066107,22,2.9244491080797483,158,3.1947089947089946,0.47724867724867726,0.22962962962962963,40,1.3566137566137566,0.8761904761904762,24,2.966137566137566,136,1
464,19,16,3,1410.4619842265033,1561.5314030792347,-151.06941885273136,0.2953322378729886,42,0.5238095238095238,71.5,43.523809523809526,5.476190476190476,2.761904761904762,80,1.1,85.4375,50.025,8.4,3.6625,2.8684719535783367,0.3578336557059961,0.16634429400386846,47,1.0754352030947776,0.8297872340425532,23,2.6595744680851063,51,3.8744493392070485,0.6310572687224669,0.2687224669603524,30,1.6332599118942732,0.9107929515418502,22,3.104625550660793,147,0
465,1,4,8,1721.3986672446802,1420.98563303375,300.41303421093016,0.8493249640140333,106,1.5660377358490567,88.9622641509434,55.113207547169814,8.216981132075471,4.962264150943396,58,0.6551724137931034,74.36206896551724,45.37931034482759,5.172413793103448,3.7413793103448274,3.826452599388379,0.5642201834862385,0.3570336391437309,35,1.1536697247706422,0.7515290519877675,25,3.0351681957186543,239,3.2048022598870056,0.3531073446327684,0.23728813559322035,31,1.0720338983050848,0.5635593220338984,24,2.790960451977401,90,1
466,3,23,1,1569.890974197607,1452.524194561381,117.36677963622606,0.6627598664222065,77,1.0389610389610389,82.81818181818181,49.83116883116883,7.8311688311688314,3.5194805194805197,6,0.0,68.5,40.0,5.666666666666667,4.0,3.223849372384937,0.4801255230125523,0.23221757322175732,40,1.352510460251046,0.8776150627615062,24,2.98326359832636,137,2.9722222222222223,0.3888888888888889,0.3055555555555556,18,1.4305555555555556,1.0416666666666667,14,3.0833333333333335,8,1
467,3,8,8,1576.6357768691628,1454.620594593185,122.01518227597785,0.6687143179531276,78,1.0512820512820513,83.01282051282051,49.94871794871795,7.8076923076923075,3.5384615384615383,38,0.631578947368421,80.07894736842105,48.31578947368421,6.868421052631579,3.0789473684210527,3.2355371900826446,0.4793388429752066,0.23243801652892562,40,1.3564049586776858,0.871900826446281,24,2.980371900826446,139,3.2898230088495577,0.4690265486725664,0.2079646017699115,35,1.1592920353982301,0.7721238938053098,22,3.0420353982300883,66,0
468,5,19,2,1516.8900711994036,1404.5553394690435,112.33473173036009,0.6562553084336793,73,0.9315068493150684,81.82191780821918,49.342465753424655,8.082191780821917,3.8767123287671232,43,0.5116279069767442,71.72093023255815,43.69767441860465,5.441860465116279,2.7674418604651163,3.5202780996523755,0.5712630359212051,0.253765932792584,35,1.4206257242178448,0.7161066048667439,22,3.141367323290846,134,2.8863636363636362,0.3541666666666667,0.16287878787878787,47,1.1003787878787878,0.8295454545454546,23,2.6704545454545454,53,1
469,1,11,2,1724.4121679643995,1594.5417899058275,129.870378058572,0.6786542160806246,107,1.5700934579439252,88.8411214953271,54.953271028037385,8.177570093457945,5.009345794392523,90,1.288888888888889,83.24444444444444,51.37777777777778,7.666666666666667,4.522222222222222,3.8233510235026533,0.5617892342683851,0.3616376042456406,35,1.150871872630781,0.7513267626990144,25,3.0318423047763456,241,3.768876611418048,0.572744014732965,0.32228360957642727,37,1.4134438305709025,0.6657458563535912,21,2.852670349907919,170,1
470,5,11,8,1523.76496503073,1588.11487422744,-64.34990919670986,0.4084376409723571,74,0.9459459459459459,82.05405405405405,49.37837837837838,8.094594594594595,3.8783783783783785,91,1.2747252747252746,83.52747252747253,51.527472527472526,7.7032967032967035,4.516483516483516,3.528,0.5725714285714286,0.25485714285714284,35,1.4217142857142857,0.7188571428571429,22,3.1394285714285712,136,3.7797998180163783,0.5750682438580528,0.3221110100090992,37,1.4058234758871702,0.6733393994540491,21,2.861692447679709,172,0
471,3,1,5,1563.2614905101002,1730.839083642787,-167.57759313268684,0.2759473209126311,79,1.0379746835443038,83.18987341772151,50.18987341772152,7.810126582278481,3.5949367088607596,108,1.5740740740740742,89.06481481481481,55.19444444444444,8.148148148148149,5.0,3.249745158002039,0.47910295616717635,0.23751274209989806,40,1.3567787971457697,0.8868501529051988,24,2.9877675840978593,142,3.846096096096096,0.56006006006006,0.3611111111111111,36,1.1509009009009008,0.7537537537537538,25,3.03978978978979,243,0
472,2,8,2,1631.2316851714904,1467.9948809522475,163.2368042192429,0.7190323032220571,83,1.3012048192771084,86.44578313253012,53.80722891566265,8.120481927710843,4.626506024096385,39,0.6666666666666666,80.64102564102564,48.56410256410256,6.9743589743589745,3.076923076923077,3.83140655105973,0.5761078998073218,0.313102119460501,33,1.1059730250481696,0.8121387283236994,23,3.029865125240848,180,3.286021505376344,0.47096774193548385,0.20430107526881722,35,1.1634408602150537,0.7806451612903226,22,3.066666666666667,69,1
473,15,1,4,1296.7323316433842,1736.3580300610397,-439.6256984176555,0.07373457907443692,51,0.23529411764705882,70.50980392156863,41.84313725490196,5.137254901960785,3.784313725490196,109,1.5779816513761469,88.93577981651376,55.12844036697248,8.137614678899082,5.0,2.4116743471582183,0.3210445468509985,0.22580645161290322,22,1.273425499231951,0.8018433179723502,22,2.7987711213517663,61,3.8422619047619047,0.5602678571428571,0.36160714285714285,36,1.1480654761904763,0.7485119047619048,25,3.0342261904761907,245,0
474,5,9,2,1515.596212211283,1387.8162041295207,127.78000808176239,0.676024375629652,75,0.9333333333333333,81.76,49.2,8.066666666666666,3.8533333333333335,52,0.6153846153846154,71.96153846153847,41.34615384615385,6.288461538461538,4.5,3.505630630630631,0.5709459459459459,0.25225225225225223,35,1.40990990990991,0.7195945945945946,22,3.1283783783783785,138,2.7669753086419755,0.42746913580246915,0.28703703703703703,34,1.2623456790123457,0.49537037037037035,22,2.8796296296296298,79,1
475,3,8,3,1557.7425440918475,1462.3755270166887,95.36701707515886,0.63389814030743,80,1.025,82.775,49.95,7.7375,3.5625,40,0.65,80.075,48.25,6.925,3.025,3.2321608040201006,0.4743718592964824,0.23517587939698492,40,1.350753768844221,0.8854271356783919,24,2.9778894472361808,143,3.2656903765690375,0.4686192468619247,0.19874476987447698,35,1.1485355648535565,0.7719665271966527,22,3.0481171548117154,70,0
476,9,3,4,1381.3366916421137,1545.064581285699,-163.72788964358529,0.28039694349243266,53,0.6037735849056604,72.09433962264151,41.43396226415094,6.3584905660377355,4.452830188679245,81,1.0123456790123457,82.85185185185185,50.02469135802469,7.753086419753086,3.5308641975308643,2.7583081570996977,0.43051359516616317,0.283987915407855,34,1.2537764350453173,0.5030211480362538,22,2.88821752265861,80,3.246520874751491,0.47813121272365805,0.23359840954274355,40,1.3518886679920477,0.8886679920477137,24,2.985089463220676,146,0
477,4,19,10,1417.9721323140307,1397.680445637717,20.291686676313702,0.5291689265462459,59,0.6440677966101694,74.15254237288136,45.20338983050848,5.1525423728813555,3.7457627118644066,44,0.5,71.95454545454545,43.52272727272727,5.454545454545454,2.7954545454545454,3.2030598052851182,0.3532684283727399,0.23783031988873435,31,1.0764951321279554,0.5591098748261474,24,2.7858136300417247,91,2.8905380333951762,0.3580705009276438,0.16697588126159554,47,1.103896103896104,0.8293135435992579,23,2.684601113172542,54,1
478,15,5,3,1295.2576400618955,1522.07572469869,-226.81808463679454,0.21321233677956083,52,0.23076923076923078,70.46153846153847,41.57692307692308,5.096153846153846,3.826923076923077,76,0.9473684210526315,81.94736842105263,49.39473684210526,8.052631578947368,3.9078947368421053,2.395488721804511,0.318796992481203,0.22857142857142856,22,1.2601503759398496,0.8,22,2.8030075187969925,62,3.5260821309655936,0.5704772475027747,0.25527192008879024,35,1.4062153163152054,0.7225305216426193,22,3.1276359600443953,140,0
479,9,16,4,1375.7287527722651,1567.4380478366945,-191.7092950644294,0.2490720656857723,54,0.5925925925925926,72.66666666666667,41.55555555555556,6.5,4.518518518518518,81,1.1111111111111112,85.64197530864197,50.135802469135804,8.407407407407407,3.691358024691358,2.777117384843982,0.4427934621099554,0.2912332838038633,34,1.263001485884101,0.5022288261515602,22,2.898959881129272,82,3.8599348534201954,0.6308360477741585,0.2692725298588491,30,1.6427795874049946,0.9087947882736156,22,3.1020629750271445,149,0
480,19,9,7,1388.2638241686418,1370.7473114585496,17.51651271009223,0.5251869514439867,45,0.4888888888888889,72.35555555555555,43.68888888888889,5.511111111111111,2.8444444444444446,55,0.5818181818181818,72.25454545454545,41.4,6.490909090909091,4.472727272727273,2.907775768535262,0.3616636528028933,0.16636528028933092,47,1.1030741410488245,0.8462929475587704,23,2.6835443037974684,56,2.756204379562044,0.44233576642335765,0.28905109489051095,34,1.2598540145985402,0.4978102189781022,22,2.894890510948905,84,0
481,6,5,4,1536.1844182860616,1526.3399714342813,9.844446851780276,0.514163507671436,27,0.9629629629629629,80.18518518518519,44.592592592592595,9.037037037037036,4.555555555555555,77,0.961038961038961,82.22077922077922,49.5974025974026,8.103896103896103,3.9220779220779223,3.1812688821752264,0.6555891238670695,0.3081570996978852,28,1.700906344410876,0.8882175226586103,21,2.7673716012084593,37,3.5350877192982457,0.5767543859649122,0.2565789473684211,35,1.4013157894736843,0.7247807017543859,22,3.1315789473684212,144,0
482,8,15,3,1475.0534898228373,1290.9933933263042,184.0600964965331,0.7426016896130568,41,0.6829268292682927,80.51219512195122,48.75609756097561,6.926829268292683,3.1463414634146343,53,0.22641509433962265,70.71698113207547,41.60377358490566,5.113207547169812,3.792452830188679,3.296747967479675,0.4695121951219512,0.20934959349593496,35,1.1443089430894309,0.7642276422764228,22,3.0447154471544717,73,2.411504424778761,0.3185840707964602,0.22713864306784662,22,1.2566371681415929,0.8023598820058997,22,2.8067846607669615,63,1
483,10,11,4,1657.9858881664434,1596.283627046887,61.7022611195564,0.5878747886782147,83,1.4216867469879517,83.6987951807229,51.2289156626506,7.891566265060241,4.024096385542169,92,1.2826086956521738,83.43478260869566,51.51086956521739,7.641304347826087,4.5,3.987551867219917,0.6203319502074689,0.2769709543568465,34,1.6753112033195021,0.83298755186722,22,2.9367219917012446,160,3.7864864864864867,0.5711711711711712,0.3216216216216216,37,1.409009009009009,0.6675675675675675,21,2.8567567567567567,174,0
484,3,14,7,1550.6725201555475,1414.5814907990941,136.09102935645342,0.6864130613168113,82,1.024390243902439,83.13414634146342,50.31707317073171,7.7439024390243905,3.5121951219512195,10,0.0,48.4,25.7,3.3,1.4,3.24852652259332,0.47544204322200395,0.2318271119842829,40,1.350687622789784,0.8939096267190569,24,2.9921414538310414,150,1.5634920634920635,0.23015873015873015,0.06349206349206349,11,0.7698412698412699,0.5952380952380952,16,2.365079365079365,3,1
485,3,5,3,1556.9442589292114,1536.62324158771,20.321017341501374,0.529210992904983,83,1.036144578313253,83.03614457831326,50.33734939759036,7.662650602409639,3.5421686746987953,78,0.9743589743589743,82.53846153846153,49.717948717948715,8.192307692307692,3.9615384615384617,3.2286821705426356,0.4699612403100775,0.23255813953488372,40,1.3401162790697674,0.8846899224806202,24,2.9825581395348837,150,3.5508658008658007,0.5854978354978355,0.26082251082251084,35,1.406926406926407,0.7283549783549783,22,3.143939393939394,147,0
486,9,3,2,1381.2510504874292,1546.3600390711117,-165.1089885836825,0.2787955911195712,56,0.6071428571428571,72.30357142857143,41.375,6.535714285714286,4.428571428571429,84,1.0238095238095237,83.08333333333333,50.333333333333336,7.642857142857143,3.5238095238095237,2.7618364418938306,0.44763271162123386,0.2855093256814921,34,1.248206599713056,0.4964131994261119,22,2.890961262553802,86,3.226794258373206,0.4688995215311005,0.23157894736842105,40,1.3416267942583733,0.8842105263157894,24,2.984688995215311,152,0
487,4,6,4,1427.3887537831058,1525.901148132633,-98.51239434952709,0.36191019636892535,60,0.6666666666666666,74.53333333333333,45.6,5.15,3.8,28,0.9285714285714286,81.0,44.857142857142854,9.142857142857142,4.5,3.262723521320495,0.3562585969738652,0.24484181568088034,33,1.092159559834938,0.5708390646492435,24,2.799174690508941,93,3.197674418604651,0.6598837209302325,0.30523255813953487,28,1.691860465116279,0.9127906976744186,21,2.8052325581395348,39,0
488,4,9,7,1420.1505498557274,1375.6751386650378,44.475411190689556,0.5636579267005423,61,0.6557377049180327,75.06557377049181,45.90163934426229,5.19672131147541,3.7868852459016393,57,0.5964912280701754,72.0701754385965,41.280701754385966,6.491228070175438,4.385964912280702,3.2886178861788617,0.35772357723577236,0.24390243902439024,33,1.1165311653116532,0.5813008130081301,24,2.8184281842818426,95,2.7542372881355934,0.4463276836158192,0.2824858757062147,34,1.2514124293785311,0.4985875706214689,22,2.888418079096045,86,0
489,21,22,9,1485.2508838760366,1505.4860652284979,-20.235181352461268,0.47091211517074727,4,0.5,68.5,43.25,6.75,4.0,4,1.0,87.75,56.5,6.25,3.75,2.549019607843137,0.3137254901960784,0.21568627450980393,29,1.3137254901960784,0.6274509803921569,14,2.803921568627451,4,3.641509433962264,0.4528301886792453,0.22641509433962265,20,1.0754716981132075,0.6792452830188679,20,2.9245283018867925,9,0
490,16,6,6,1572.41948915041,1533.1393520600113,39.28013709039874,0.5562890373971779,82,1.1219512195121952,85.51219512195122,50.09756097560975,8.341463414634147,3.658536585365854,29,0.9655172413793104,82.03448275862068,45.62068965517241,9.137931034482758,4.689655172413793,3.8551502145922747,0.6266094420600858,0.26609442060085836,30,1.6448497854077253,0.9023605150214592,22,3.0912017167381975,150,3.2937853107344632,0.6638418079096046,0.3248587570621469,28,1.7401129943502824,0.940677966101695,21,2.8361581920903953,42,0
491,8,11,3,1480.201456030576,1608.0411228204512,-127.83966678987508,0.3239004139568632,42,0.7142857142857143,80.38095238095238,48.523809523809526,7.0,3.1904761904761907,93,1.2903225806451613,83.55913978494624,51.59139784946237,7.623655913978495,4.516129032258065,3.267326732673267,0.47128712871287126,0.2099009900990099,35,1.1326732673267326,0.7544554455445545,22,3.0336633663366337,75,3.7964285714285713,0.5696428571428571,0.32321428571428573,37,1.425892857142857,0.675,21,2.8607142857142858,177,1
492,3,15,10,1551.935950893503,1285.8454271185653,266.09052377493776,0.8222607811830551,85,1.035294117647059,82.98823529411764,50.258823529411764,7.635294117647059,3.5058823529411764,54,0.2222222222222222,70.46296296296296,41.53703703703704,5.185185185185185,3.740740740740741,3.222117202268431,0.46975425330812853,0.23062381852551986,40,1.3421550094517958,0.8827977315689981,24,2.9792060491493384,153,2.4231884057971014,0.32463768115942027,0.2246376811594203,22,1.2507246376811594,0.8014492753623188,22,2.798550724637681,65,1
493,15,3,3,1282.2906427422265,1555.490735269842,-273.2000925276154,0.1718366429042097,55,0.21818181818181817,70.05454545454545,41.4,5.1454545454545455,3.727272727272727,86,1.0465116279069768,82.8953488372093,50.25581395348837,7.604651162790698,3.4651162790697674,2.402560455192034,0.3186344238975818,0.22190611664295876,22,1.240398293029872,0.7980085348506402,22,2.786628733997155,65,3.2310570626753976,0.4686623012160898,0.22825070159027128,40,1.3405051449953227,0.8802619270346118,24,2.9738072965388214,155,0
494,16,11,3,1561.2937084024666,1594.5191310995883,-33.22542269712176,0.4523300015626674,83,1.108433734939759,85.73493975903614,50.3855421686747,8.397590361445783,3.6144578313253013,94,1.2765957446808511,83.7872340425532,51.787234042553195,7.638297872340425,4.4787234042553195,3.876988335100742,0.630965005302227,0.26299045599151644,30,1.6383881230116648,0.8992576882290562,22,3.1060445387062567,152,3.812720848056537,0.5715547703180212,0.3206713780918728,37,1.4337455830388692,0.6775618374558304,21,2.8692579505300353,179,0
495,10,5,6,1646.2283923928792,1547.2074614458097,99.02093094706947,0.6387655515242897,84,1.4047619047619047,83.67857142857143,51.19047619047619,7.845238095238095,4.023809523809524,79,0.9873417721518988,82.73417721518987,49.77215189873418,8.291139240506329,3.9746835443037973,3.9794871794871796,0.6174358974358974,0.27692307692307694,34,1.6841025641025642,0.8358974358974359,22,2.9405128205128204,163,3.569593147751606,0.5963597430406852,0.2623126338329764,35,1.399357601713062,0.7355460385438972,22,3.1488222698072805,149,1
496,2,16,1,1636.8510391070492,1552.2471083712132,84.603930735836,0.6194040221615148,84,1.3095238095238095,86.30952380952381,53.70238095238095,8.142857142857142,4.630952380952381,84,1.0952380952380953,85.70238095238095,50.48809523809524,8.345238095238095,3.5952380952380953,3.831267874165872,0.5767397521448999,0.3145853193517636,33,1.103908484270734,0.8074356530028599,23,3.026692087702574,182,3.8598326359832638,0.6244769874476988,0.2615062761506276,30,1.6464435146443515,0.895397489539749,22,3.1066945606694563,155,1
497,5,15,3,1539.9827724762954,1278.8539098841422,261.12886259215315,0.8180480695597537,80,0.975,82.4,49.575,8.3,3.9375,56,0.21428571428571427,70.625,41.892857142857146,5.178571428571429,3.767857142857143,3.5464135021097047,0.5949367088607594,0.25949367088607594,35,1.389240506329114,0.7331223628691983,22,3.1371308016877637,149,2.441958041958042,0.3230769230769231,0.22657342657342658,22,1.255944055944056,0.793006993006993,22,2.8153846153846156,68,1
498,13,3,5,1502.6480781343248,1558.9274681279262,-56.2793899936014,0.41970848287631346,4,1.0,84.0,62.0,2.0,4.25,87,1.0574712643678161,83.19540229885058,50.4367816091954,7.620689655172414,3.471264367816092,4.134615384615385,0.15384615384615385,0.25,21,1.2307692307692308,0.75,17,2.75,9,3.2543940795559667,0.4708603145235893,0.22849213691026826,40,1.3496762257169288,0.8843663274745606,24,2.9814986123959297,159,1
499,10,8,8,1653.4530813623935,1493.723447751439,159.72963361095458,0.7149356680909357,85,1.411764705882353,83.5764705882353,51.15294117647059,7.823529411764706,4.047058823529412,43,0.7441860465116279,81.0,48.97674418604651,7.0,3.2790697674418605,3.987817258883249,0.616243654822335,0.2802030456852792,34,1.6903553299492386,0.8436548223350254,22,2.9360406091370557,165,3.313953488372093,0.4748062015503876,0.2189922480620155,35,1.1434108527131783,0.7616279069767442,22,3.048449612403101,79,1
500,9,2,3,1386.9482971990487,1644.4629586638189,-257.51466146477014,0.1850691759713487,58,0.6206896551724138,72.70689655172414,41.724137931034484,6.517241379310345,4.4655172413793105,85,1.3176470588235294,86.17647058823529,53.63529411764706,8.152941176470588,4.647058823529412,2.78442280945758,0.4506258692628651,0.28929068150208626,34,1.2586926286509041,0.5132127955493742,22,2.910987482614743,90,3.829406220546654,0.5786993402450519,0.31385485391140433,33,1.1036757775683317,0.8058435438265787,23,3.0197926484448634,184,0
501,8,15,10,1488.0221611132577,1275.2148712753374,212.80728983792028,0.7729452838443694,44,0.7272727272727273,80.54545454545455,48.84090909090909,6.954545454545454,3.227272727272727,57,0.21052631578947367,71.0701754385965,42.08771929824562,5.245614035087719,3.8421052631578947,3.287334593572779,0.4725897920604915,0.21361058601134217,35,1.1379962192816635,0.7504725897920604,22,3.0340264650283553,80,2.46978021978022,0.32967032967032966,0.23076923076923078,22,1.26510989010989,0.7980769230769231,22,2.82967032967033,70,1
502,6,17,6,1544.2651328079548,1465.403758115959,78.86137469199593,0.6115809550537435,30,1.0,82.83333333333333,46.233333333333334,9.066666666666666,4.766666666666667,4,0.0,60.25,38.75,4.25,0.5,3.33879781420765,0.6584699453551912,0.33060109289617484,28,1.7459016393442623,0.9316939890710383,21,2.871584699453552,44,3.575,0.425,0.05,19,1.9,0.725,12,2.875,5,1
503,16,4,6,1544.6351888144436,1408.8773913217165,135.75779749272715,0.686000012944383,85,1.0823529411764705,85.38823529411765,50.23529411764706,8.31764705882353,3.5764705882352943,62,0.6451612903225806,75.54838709677419,46.25806451612903,5.258064516129032,3.7903225806451615,3.843846949327818,0.6225439503619442,0.26059979317476734,30,1.6483971044467425,0.8924508790072389,22,3.099276111685626,156,3.307076101468625,0.3604806408544726,0.24566088117489987,33,1.1214953271028036,0.5914552736982643,24,2.8411214953271027,98,1
504,10,2,4,1659.1543680005748,1648.164342183246,10.990025817328842,0.5158106456277022,86,1.4186046511627908,83.47674418604652,51.093023255813954,7.825581395348837,4.046511627906977,86,1.3255813953488371,86.04651162790698,53.56976744186046,8.162790697674419,4.674418604651163,4.002014098690836,0.6193353474320241,0.28197381671701915,34,1.690835850956697,0.8469284994964753,22,2.9355488418932527,166,3.8148837209302324,0.5776744186046512,0.3144186046511628,33,1.1032558139534883,0.8046511627906977,23,3.0148837209302326,185,1
505,4,15,10,1402.5973915806042,1270.6737769522247,131.92361462837948,0.6812263567672955,63,0.6349206349206349,74.93650793650794,45.82539682539682,5.2063492063492065,3.7777777777777777,58,0.20689655172413793,70.77586206896552,41.93103448275862,5.241379310344827,3.8275862068965516,3.2690288713910762,0.3569553805774278,0.2440944881889764,33,1.127296587926509,0.5866141732283464,24,2.8333333333333335,98,2.465587044534413,0.3292847503373819,0.22941970310391363,22,1.2658569500674763,0.8043184885290149,22,2.819163292847503,71,1
506,3,8,10,1547.3216377854524,1492.5632554363704,54.75838234908201,0.5781575697536915,88,1.0454545454545454,83.4090909090909,50.48863636363637,7.681818181818182,3.477272727272727,45,0.7555555555555555,80.42222222222222,48.733333333333334,6.888888888888889,3.2888888888888888,3.2740604949587535,0.4784601283226398,0.23006416131989002,40,1.3611365719523374,0.8982584784601283,24,2.989917506874427,162,3.288354898336414,0.46950092421441775,0.21811460258780038,35,1.1386321626617375,0.7504621072088724,22,3.018484288354898,81,0
507,2,4,8,1638.4805550958,1408.9728644452582,229.5076906505417,0.7893733832710847,87,1.3103448275862069,86.08045977011494,53.5632183908046,8.172413793103448,4.655172413793103,64,0.65625,74.9375,45.84375,5.25,3.828125,3.8321033210332103,0.5811808118081181,0.3145756457564576,33,1.1116236162361623,0.8071955719557196,23,3.025830258302583,188,3.2862694300518136,0.3626943005181347,0.24870466321243523,33,1.133419689119171,0.5893782383419689,24,2.832901554404145,100,0
508,9,5,7,1383.2469136796217,1543.6218110851003,-160.37489740547858,0.2843079245350733,59,0.6101694915254238,72.32203389830508,41.59322033898305,6.4576271186440675,4.406779661016949,81,0.9876543209876543,82.69135802469135,49.79012345679013,8.296296296296296,3.9382716049382718,2.773224043715847,0.4453551912568306,0.28415300546448086,34,1.2486338797814207,0.5095628415300546,22,2.9030054644808745,91,3.559958289885297,0.5954118873826904,0.2575599582898853,35,1.3962460896767466,0.7361835245046924,22,3.145985401459854,151,0
509,3,4,10,1535.7584863903785,1424.7603321106799,110.99815427969861,0.654517591856249,89,1.0337078651685394,83.40449438202248,50.49438202247191,7.685393258426966,3.4831460674157304,65,0.676923076923077,74.93846153846154,45.753846153846155,5.2615384615384615,3.8615384615384616,3.271493212669683,0.47692307692307695,0.22895927601809954,40,1.3529411764705883,0.8986425339366516,24,2.992760180995475,164,3.2831632653061225,0.3635204081632653,0.25255102040816324,33,1.1301020408163265,0.5892857142857143,24,2.830357142857143,102,0
510,2,10,2,1622.6930874303782,1668.8381550880208,-46.145067657642585,0.4339796563279882,88,1.2954545454545454,85.86363636363636,53.27272727272727,8.147727272727273,4.636363636363637,87,1.4252873563218391,83.6896551724138,51.172413793103445,7.816091954022989,4.080459770114943,3.815693430656934,0.5784671532846716,0.31204379562043794,33,1.1094890510948905,0.8038321167883211,23,3.019160583941606,189,4.011964107676969,0.6201395812562313,0.28414755732801594,34,1.7028913260219343,0.8484546360917248,22,2.9471585244267198,167,1
511,10,6,1,1657.5177482145805,1552.03351370688,105.48423450770042,0.6473054875783945,88,1.4090909090909092,83.89772727272727,51.38636363636363,7.795454545454546,4.068181818181818,31,1.032258064516129,83.3225806451613,46.774193548387096,9.193548387096774,4.741935483870968,4.025615763546798,0.6187192118226601,0.28374384236453204,34,1.703448275862069,0.8541871921182266,22,2.9566502463054185,169,3.3687002652519893,0.6710875331564987,0.32891246684350134,28,1.7506631299734747,0.9336870026525199,21,2.872679045092838,48,0
512,1,23,1,1737.8327216425284,1445.779391889825,292.05332975270335,0.843062586040948,110,1.5818181818181818,88.98181818181818,55.09090909090909,8.118181818181819,5.036363636363636,7,0.0,69.28571428571429,41.57142857142857,5.285714285714286,3.857142857142857,3.8276877761413846,0.5567010309278351,0.36156111929307805,36,1.1450662739322532,0.7452135493372607,25,3.0331369661266567,246,3.142857142857143,0.36904761904761907,0.2976190476190476,18,1.4047619047619047,1.0952380952380953,14,3.0833333333333335,10,1
513,16,5,2,1550.915188555556,1549.3079695758017,1.6072189797541796,0.5023129575413667,86,1.0930232558139534,85.26744186046511,50.116279069767444,8.36046511627907,3.604651162790698,82,1.0,82.59756097560975,49.68292682926829,8.341463414634147,3.951219512195122,3.839468302658487,0.6257668711656442,0.26380368098159507,30,1.6390593047034765,0.885480572597137,22,3.0899795501022496,158,3.558762886597938,0.6,0.2597938144329897,35,1.3927835051546391,0.7329896907216494,22,3.1391752577319587,152,0
514,1,6,1,1740.9714699217095,1564.979623458448,175.99184646326148,0.7336245303928067,111,1.5855855855855856,88.85585585585585,54.972972972972975,8.08108108108108,5.081081081081081,32,1.0625,83.84375,47.15625,9.15625,4.65625,3.816192560175055,0.5536105032822757,0.3639679066374909,36,1.136396790663749,0.7403355215171408,25,3.0284463894967177,247,3.404639175257732,0.6726804123711341,0.3247422680412371,28,1.791237113402062,0.9329896907216495,21,2.9123711340206184,50,1
515,10,19,3,1644.5716384630125,1377.7600851397622,266.81155332325034,0.8228665689099193,89,1.3932584269662922,84.15730337078652,51.46067415730337,7.797752808988764,4.078651685393258,46,0.4782608695652174,72.04347826086956,43.32608695652174,5.543478260869565,2.891304347826087,4.022395326192795,0.6192794547224927,0.28432327166504384,34,1.7137293086660175,0.8588120740019474,22,2.963972736124635,172,2.8606701940035273,0.3562610229276896,0.1693121693121693,47,1.0828924162257496,0.8395061728395061,23,2.6684303350970016,56,1
516,4,1,4,1437.8506839478048,1746.2989793138534,-308.44829536604857,0.14485087336873687,66,0.696969696969697,75.0,45.86363636363637,5.303030303030303,3.878787878787879,112,1.5892857142857142,88.73214285714286,54.919642857142854,8.044642857142858,5.080357142857143,3.312736443883985,0.3694829760403531,0.25598991172761665,33,1.128625472887768,0.6090794451450189,24,2.832282471626734,105,3.8268115942028986,0.5528985507246377,0.3652173913043478,36,1.141304347826087,0.741304347826087,25,3.0253623188405796,250,0
517,11,13,5,1603.5657311308416,1514.2539084767986,89.311822654043,0.6257718427496489,95,1.2842105263157895,83.90526315789474,51.8,7.673684210526316,4.473684210526316,5,1.2,88.0,64.2,2.2,4.8,3.819772528433946,0.5756780402449694,0.32020997375328086,37,1.4409448818897639,0.6780402449693789,21,2.874015748031496,180,4.453125,0.171875,0.296875,29,1.28125,0.890625,17,3.0,12,0
518,19,4,3,1374.2174165179606,1434.95366648043,-60.7362499624694,0.41347312788669355,47,0.46808510638297873,71.65957446808511,43.06382978723404,5.446808510638298,2.9148936170212765,67,0.6865671641791045,75.19402985074628,45.865671641791046,5.313432835820896,3.91044776119403,2.836206896551724,0.35,0.1706896551724138,47,1.0706896551724139,0.8224137931034483,23,2.6620689655172414,56,3.3262764632627646,0.3723536737235367,0.2602739726027397,33,1.1369863013698631,0.6052303860523038,24,2.8368617683686175,108,0
519,11,5,1,1591.0502942758487,1559.3542287266291,31.69606554921961,0.5454881807776266,96,1.2708333333333333,83.8125,51.708333333333336,7.71875,4.447916666666667,83,1.0120481927710843,82.79518072289157,49.87951807228916,8.373493975903614,3.9518072289156625,3.800173010380623,0.5778546712802768,0.31833910034602075,37,1.439446366782007,0.6730103806228374,21,2.8771626297577853,181,3.586734693877551,0.6020408163265306,0.2602040816326531,35,1.3877551020408163,0.7326530612244898,22,3.15,154,1
520,20,4,6,1473.34211380619,1443.223129038164,30.11898476802594,0.5432364494901424,5,0.4,66.0,37.4,7.0,4.0,68,0.7058823529411765,75.63235294117646,46.161764705882355,5.411764705882353,3.8823529411764706,2.546875,0.484375,0.25,17,0.8125,0.53125,14,2.609375,4,3.340686274509804,0.3799019607843137,0.25735294117647056,33,1.150735294117647,0.6053921568627451,24,2.8529411764705883,111,1
521,3,16,4,1522.6681345532536,1540.8689294047285,-18.20079485147494,0.47383088496862386,90,1.0222222222222221,83.22222222222223,50.43333333333333,7.644444444444445,3.4555555555555557,87,1.0804597701149425,85.51724137931035,50.14942528735632,8.367816091954023,3.6206896551724137,3.2768817204301075,0.47580645161290325,0.22759856630824374,40,1.3602150537634408,0.9005376344086021,24,2.989247311827957,165,3.846309403437816,0.627906976744186,0.2659251769464105,30,1.6430738119312436,0.8837209302325582,22,3.102123356926188,160,0
522,2,11,2,1634.0134943038186,1600.1405306602962,33.872963643522326,0.548593249064252,89,1.303370786516854,86.14606741573034,53.57303370786517,8.157303370786517,4.640449438202247,97,1.2783505154639174,83.72164948453609,51.58762886597938,7.731958762886598,4.443298969072165,3.827927927927928,0.5774774774774775,0.3117117117117117,36,1.10990990990991,0.8009009009009009,23,3.027927927927928,192,3.7934875749785775,0.5792630676949443,0.31876606683804626,37,1.4361610968294773,0.6726649528706083,21,2.8723221936589547,181,0
523,2,4,7,1623.0416293225335,1434.0878580279668,188.95377129456665,0.7479493764344987,90,1.288888888888889,85.85555555555555,53.5,8.11111111111111,4.622222222222222,69,0.6956521739130435,76.20289855072464,46.56521739130435,5.507246376811594,3.9130434782608696,3.8211743772241995,0.5738434163701067,0.3104982206405694,36,1.1023131672597866,0.800711743772242,23,3.0195729537366547,194,3.3642943305186974,0.38600723763570566,0.2605548854041013,33,1.1761158021712907,0.6127864897466827,24,2.870928829915561,115,1
524,9,2,7,1377.5607551889202,1628.0826417938435,-250.52188660492334,0.19121728394012183,60,0.6,72.05,41.416666666666664,6.4,4.383333333333334,91,1.2967032967032968,85.75824175824175,53.38461538461539,8.10989010989011,4.615384615384615,2.766846361185984,0.44339622641509435,0.284366576819407,34,1.2425876010781671,0.5202156334231806,22,2.9016172506738545,91,3.8101933216168717,0.5729349736379613,0.3101933216168717,36,1.101054481546573,0.8022847100175747,23,3.0123022847100174,195,0
